Workbook
Name NativeTimeline_Date: #N/A
Name NativeTimeline_Date1: #N/A
Name NativeTimeline_Date2: #N/A
Name NativeTimeline_Date5: #N/A
Name Slicer_Date: #N/A
Name Slicer_Date1: #N/A
Name Slicer_Date2: #N/A
Name Slicer_Date3: #N/A
Name Slicer_Date31: #N/A
Name Slicer_Date311: #N/A
Name Slicer_Date3111: #N/A
Name Slicer_Date312: #N/A
Name Slicer_Date4: #N/A
Name Slicer_Date41: #N/A
Name Slicer_Date411: #N/A
Name Slicer_Date4111: #N/A
Name Slicer_Date42: #N/A
Name Slicer_Date5: #N/A
Name Slicer_Date6: #N/A
Name Slicer_Plant: #N/A
Name Slicer_Plant1: #N/A
Name Slicer_Plant2: #N/A
Name Slicer_WorkCell: #N/A
Name Slicer_WorkCell_Group: #N/A
Name Slicer_WorkCell_Group1: #N/A
Name Slicer_WorkCell1: #N/A
Name Slicer_WorkCell11: #N/A
Name Slicer_WorkCell111: #N/A
Name Slicer_WorkCell112: #N/A
Name Slicer_WorkCell1121: #N/A
Name Slicer_WorkCell11211: #N/A
Name Slicer_WorkCell112111: #N/A
Name Slicer_WorkCell11212: #N/A
Name Slicer_WorkCell113: #N/A
Name Slicer_WorkCell1131: #N/A
Name Slicer_WorkCell11311: #N/A
Name Slicer_WorkCell113111: #N/A
Name Slicer_WorkCell1132: #N/A
Name Slicer_WorkCell2: #N/A
Name Slicer_WorkCell3: #N/A
Name Slicer_WorkCell4: #N/A

Sheet Untagged Plant
A1: Plant | B1: (All)
A3: Row Labels | B3: Untagged Target | C3: Untagged vs Loss | D3: Untagged Hours
A4: 1Pc Autocoiner 1 (789) | B4: 0.05 | C4: 0.008624002 | D4: 2.02
A5: 1Pc Autocoiner 2 (844) | B5: 0.05 | C5: 0.013278856 | D5: 2.47
A6: 1pc Autocoiner 9 (34753) | B6: 0.05 | C6: 0.044657904 | D6: 13.25
A7: 1PCAC10 | B7: 0.05 | C7: 0.012009696 | D7: 2.18
A8: 2Pc Autocoiner 3 (796) | B8: 0.05 | C8: 0.35497037 | D8: 90.45
A9: 2Pc Autocoiner 4 (843) | B9: 0.05 | C9: 0.31779506 | D9: 69.47
A10: 2Pc Autocoiner 5 (858) | B10: 0.05 | C10: 0.27406481 | D10: 46.01
A11: 2Pc Autocoiner 7 (996) | B11: 0.05 | C11: 0.2928508 | D11: 65.95
A12: 2PCAC06 | B12: 0.05 | C12: 0.025356734 | D12: 5.1
A13: AC08 | B13: 0.05 | C13: 0.013200061 | D13: 1.73
A14: AC09 | B14: 0.05 | C14: 0.036812009 | D14: 2.06
A15: AC10 | B15: 0.05 | C15: 0.026811267 | D15: 1.78
... A64: Grand Total | B64: 0.05 | C64: 0.20419883 | D64: 3140.19

Sheet Plant Output
A33: Row Labels | B33: Target Output | C33: Output
A34: BA | B34: 2.688798e+08 | C34: 360929877
A35: 2024 | B35: 1.3140034e+08 | C35: 130732073
A36: Qtr1 | B36: 32902270 | C36: 32533734
A37: Jan | B37: 10300735 | C37: 10299274
A38: 45292 | B38: 10300735 | C38: 10299274
A39: Autocoiner #3 | B39: 402702.54 | C39: 389000
A40: Autocoiner #4 | B40: 402702.54 | C40: 381600
A41: Autocoiner #5 | B41: 402702.54 | C41: 381180
A42: Autocoiner #6 | B42: 402702.54 | C42: 348200
A43: Autocoiner #7 | B43: 431775 | C43: 450180
A44: Autocoiner #8 | B44: 431775 | C44: 448440
A45: BIM 12 | B45: 206152.88 | C45: 599715
A46: BIM03 | B46: 456993.97 | C46: 421180
A47: BIM08 | B47: 765711.78 | C47: 585285
A48: HF11 | B48: 849563.58 | C48: 759000
A49: HU2 | B49: 794534.49 | C49: 809470
A50: Kiefel 10 | B50: 660633.59 | C50: 643380
... A56: Feb | B56: 10350658 | C56: 10477611
A57: 45323 | B57: 10350658 | C57: 10477611
A58: Autocoiner #3 | B58: 381507.67 | C58: 368700
A59: Autocoiner #4 | B59: 381507.67 | C59: 380940
A60: Autocoiner #5 | B60: 381507.67 | C60: 373860
A61: Autocoiner #6 | B61: 381507.67 | C61: 354900
A62: Autocoiner #7 | B62: 409050 | C62: 477000
A63: Autocoiner #8 | B63: 409050 | C63: 450750
A64: BIM 12 | B64: 195302.73 | C64: 504974
A65: BIM03 | B65: 432941.66 | C65: 428730
A66: BIM08 | B66: 725411.16 | C66: 574616
A67: HF11 | B67: 804849.71 | C67: 759360
A68: HU2 | B68: 752716.88 | C68: 701340
A69: Kiefel 10 | B69: 625863.4 | C69: 663501
... A76: Mar | B76: 12250877 | C76: 11756849
A77: 45352 | B77: 12250877 | C77: 11756849
A78: Autocoiner #3 | B78: 409767.5 | C78: 367900
A79: Autocoiner #4 | B79: 409767.5 | C79: 435800
A80: Autocoiner #5 | B80: 409767.5 | C80: 387540
A81: Autocoiner #6 | B81: 409767.5 | C81: 366400
A82: Autocoiner #7 | B82: 439350 | C82: 482400
A83: Autocoiner #8 | B83: 439350 | C83: 466630
A84: BFX1 | B84: 1223735.3 | C84: 1003640
A85: BIM 12 | B85: 209769.59 | C85: 330855
A86: BIM03 | B86: 465011.41 | C86: 400242
A87: BIM08 | B87: 779145.32 | C87: 571200
A88: HF11 | B88: 864468.21 | C88: 829500
A89: HU2 | B89: 808473.69 | C89: 725370
... A98: Apr | B98: 12034729 | C98: 11334242
A99: 45383 | B99: 12034729 | C99: 11334242
A100: Autocoiner #3 | B100: 395637.59 | C100: 413600
A101: Autocoiner #4 | B101: 395637.59 | C101: 413800
A102: Autocoiner #5 | B102: 395637.59 | C102: 420960
A103: Autocoiner #6 | B103: 395637.59 | C103: 305500
A104: Autocoiner #7 | B104: 424200 | C104: 484620
A105: Autocoiner #8 | B105: 424200 | C105: 502920
A106: BFX1 | B106: 1284922.1 | C106: 1035127
A107: BIM 12 | B107: 202536.16 | C107: 389725
A108: BIM03 | B108: 448976.54 | C108: 394178
A109: BIM08 | B109: 752278.24 | C109: 515625
A110: HF11 | B110: 834658.96 | C110: 735600
A111: HU2 | B111: 780595.29 | C111: 754843
... A119: May | B119: 12495064 | C119: 11249555
A120: 45413 | B120: 12495064 | C120: 11249555
A121: Autocoiner #3 | B121: 409767.5 | C121: 410200
A122: Autocoiner #4 | B122: 409767.5 | C122: 344600
A123: Autocoiner #5 | B123: 409767.5 | C123: 382260
A124: Autocoiner #6 | B124: 409767.5 | C124: 384200
A125: Autocoiner #7 | B125: 439350 | C125: 506700
A126: Autocoiner #8 | B126: 439350 | C126: 474480
A127: BFX1 | B127: 1346108.8 | C127: 1502212
A128: BIM 12 | B128: 209769.59 | C128: 356844
A129: BIM03 | B129: 465011.41 | C129: 367160
A130: BIM08 | B130: 779145.32 | C130: 426375
A131: HF11 | B131: 864468.21 | C131: 482730
A132: HU2 | B132: 808473.69 | C132: 722060
... A140: Jun | B140: 11317814 | C140: 11651245
A141: 45444 | B141: 11317814 | C141: 11651245
A142: Autocoiner #3 | B142: 395637.59 | C142: 375300
A143: Autocoiner #4 | B143: 395637.59 | C143: 414300
A144: Autocoiner #5 | B144: 395637.59 | C144: 352380
A145: Autocoiner #6 | B145: 395637.59 | C145: 360300
A146: Autocoiner #7 | B146: 424200 | C146: 445200
A147: Autocoiner #8 | B147: 424200 | C147: 433320
A148: BFX1 | B148: 1162548.5 | C148: 1576267
A149: BIM 12 | B149: 202536.16 | C149: 417775
A150: BIM03 | B150: 448976.54 | C150: 359636
A151: BIM08 | B151: 752278.24 | C151: 536440
A152: HF11 | B152: 834658.96 | C152: 638402
A153: HU2 | B153: 780595.29 | C153: 634500
... A162: Jul | B162: 11003043 | C162: 11749366
A163: 45474 | B163: 11003043 | C163: 11749366
A164: Autocoiner #3 | B164: 381507.67 | C164: 413410
A165: Autocoiner #4 | B165: 381507.67 | C165: 334500
A166: Autocoiner #5 | B166: 381507.67 | C166: 346200
A167: Autocoiner #6 | B167: 381507.67 | C167: 381600
A168: Autocoiner #7 | B168: 409050 | C168: 472440
A169: Autocoiner #8 | B169: 409050 | C169: 443160
A170: BFX1 | B170: 1223735.3 | C170: 1473550
A171: BIM 12 | B171: 195302.73 | C171: 527532
A172: BIM03 | B172: 432941.66 | C172: 223460
A173: BIM08 | B173: 725411.16 | C173: 500931
...

Sheet Output Tables
A1: Date Range | E1: 46023 | F1: 46082
C3: WorkCell | D3: Machine | E3: YTD Target Output | F3: YTD Actual | G3: Surplus / Deficit | H3: Stated Capacity | I3: Surplus / Deficit Capacity
A4: STUARTS DRAFT | B4: POUCH | C4: Kiefel6 (791) | D4: =_xlfn.XLOOKUP(C4,#REF!,#REF!,0) -> #REF! | E4: {=SUMPRODUCT((#REF! = 'Output Tables'!C4) * (#REF! >= 'Output Tables'!$E$1) * (#REF! <= 'Output Tables'!$F$1) * #REF!)} -> #REF! | F4: {=SUMPRODUCT((#REF! = 'Output Tables'!D4) * (#REF! >= 'Output Tables'!$E$1) * (#REF! <= 'Output Tables'!$F$1) *#REF!)} -> #REF! | G4: =F4-E4 -> #REF! | H4: {=SUMPRODUCT((#REF! = 'Output Tables'!$D4) * (#REF! >= 'Output Tables'!$E$1) * (#REF! <= 'Output Tables'!$F$1) *#REF!)} -> #REF! | I4: =F4-H4 -> #REF!
C5: Kiefel8 (793) | D5: =_xlfn.XLOOKUP(C5,#REF!,#REF!,0) -> #REF! | E5: {=SUMPRODUCT((#REF! = 'Output Tables'!C5) * (#REF! >= 'Output Tables'!$E$1) * (#REF! <= 'Output Tables'!$F$1) * #REF!)} -> #REF! | F5: {=SUMPRODUCT((#REF! = 'Output Tables'!D5) * (#REF! >= 'Output Tables'!$E$1) * (#REF! <= 'Output Tables'!$F$1) *#REF!)} -> #REF! | G5: =F5-E5 -> #REF! | H5: {=SUMPRODUCT((#REF! = 'Output Tables'!$D5) * (#REF! >= 'Output Tables'!$E$1) * (#REF! <= 'Output Tables'!$F$1) *#REF!)} -> #REF! | I5: =F5-H5 -> #REF!
C6: Keifel11 (978) | D6: =_xlfn.XLOOKUP(C6,#REF!,#REF!,0) -> #REF! | E6: {=SUMPRODUCT((#REF! = 'Output Tables'!C6) * (#REF! >= 'Output Tables'!$E$1) * (#REF! <= 'Output Tables'!$F$1) * #REF!)} -> #REF! | F6: {=SUMPRODUCT((#REF! = 'Output Tables'!D6) * (#REF! >= 'Output Tables'!$E$1) * (#REF! <= 'Output Tables'!$F$1) *#REF!)} -> #REF! | G6: =F6-E6 -> #REF! | H6: {=SUMPRODUCT((#REF! = 'Output Tables'!$D6) * (#REF! >= 'Output Tables'!$E$1) * (#REF! <= 'Output Tables'!$F$1) *#REF!)} -> #REF! | I6: =F6-H6 -> #REF!
C7: Keifel12 (979) | D7: =_xlfn.XLOOKUP(C7,#REF!,#REF!,0) -> #REF! | E7: {=SUMPRODUCT((#REF! = 'Output Tables'!C7) * (#REF! >= 'Output Tables'!$E$1) * (#REF! <= 'Output Tables'!$F$1) * #REF!)} -> #REF! | F7: {=SUMPRODUCT((#REF! = 'Output Tables'!D7) * (#REF! >= 'Output Tables'!$E$1) * (#REF! <= 'Output Tables'!$F$1) *#REF!)} -> #REF! | G7: =F7-E7 -> #REF! | H7: {=SUMPRODUCT((#REF! = 'Output Tables'!$D7) * (#REF! >= 'Output Tables'!$E$1) * (#REF! <= 'Output Tables'!$F$1) *#REF!)} -> #REF! | I7: =F7-H7 -> #REF!
C8: Kiefel5 (790) | D8: =_xlfn.XLOOKUP(C8,#REF!,#REF!,0) -> #REF! | E8: {=SUMPRODUCT((#REF! = 'Output Tables'!C8) * (#REF! >= 'Output Tables'!$E$1) * (#REF! <= 'Output Tables'!$F$1) * #REF!)} -> #REF! | F8: {=SUMPRODUCT((#REF! = 'Output Tables'!D8) * (#REF! >= 'Output Tables'!$E$1) * (#REF! <= 'Output Tables'!$F$1) *#REF!)} -> #REF! | G8: =F8-E8 -> #REF! | H8: {=SUMPRODUCT((#REF! = 'Output Tables'!$D8) * (#REF! >= 'Output Tables'!$E$1) * (#REF! <= 'Output Tables'!$F$1) *#REF!)} -> #REF! | I8: =F8-H8 -> #REF!
C9: HU1 (849) | D9: =_xlfn.XLOOKUP(C9,#REF!,#REF!,0) -> #REF! | E9: {=SUMPRODUCT((#REF! = 'Output Tables'!C9) * (#REF! >= 'Output Tables'!$E$1) * (#REF! <= 'Output Tables'!$F$1) * #REF!)} -> #REF! | F9: {=SUMPRODUCT((#REF! = 'Output Tables'!D9) * (#REF! >= 'Output Tables'!$E$1) * (#REF! <= 'Output Tables'!$F$1) *#REF!)} -> #REF! | G9: =F9-E9 -> #REF! | H9: {=SUMPRODUCT((#REF! = 'Output Tables'!$D9) * (#REF! >= 'Output Tables'!$E$1) * (#REF! <= 'Output Tables'!$F$1) *#REF!)} -> #REF! | I9: =F9-H9 -> #REF!
C10: 1Pc Autocoiner 1 (789) | D10: =_xlfn.XLOOKUP(C10,#REF!,#REF!,0) -> #REF! | E10: {=SUMPRODUCT((#REF! = 'Output Tables'!C10) * (#REF! >= 'Output Tables'!$E$1) * (#REF! <= 'Output Tables'!$F$1) * #REF!)} -> #REF! | F10: {=SUMPRODUCT((#REF! = 'Output Tables'!D10) * (#REF! >= 'Output Tables'!$E$1) * (#REF! <= 'Output Tables'!$F$1) *#REF!)} -> #REF! | G10: =F10-E10 -> #REF! | H10: {=SUMPRODUCT((#REF! = 'Output Tables'!$D10) * (#REF! >= 'Output Tables'!$E$1) * (#REF! <= 'Output Tables'!$F$1) *#REF!)} -> #REF! | I10: =F10-H10 -> #REF!
C11: 1Pc Autocoiner 2 (844) | D11: =_xlfn.XLOOKUP(C11,#REF!,#REF!,0) -> #REF! | E11: {=SUMPRODUCT((#REF! = 'Output Tables'!C11) * (#REF! >= 'Output Tables'!$E$1) * (#REF! <= 'Output Tables'!$F$1) * #REF!)} -> #REF! | F11: {=SUMPRODUCT((#REF! = 'Output Tables'!D11) * (#REF! >= 'Output Tables'!$E$1) * (#REF! <= 'Output Tables'!$F$1) *#REF!)} -> #REF! | G11: =F11-E11 -> #REF! | H11: {=SUMPRODUCT((#REF! = 'Output Tables'!$D11) * (#REF! >= 'Output Tables'!$E$1) * (#REF! <= 'Output Tables'!$F$1) *#REF!)} -> #REF! | I11: =F11-H11 -> #REF!
C12: 1pc Autocoiner 9 (34753) | D12: =_xlfn.XLOOKUP(C12,#REF!,#REF!,0) -> #REF! | E12: {=SUMPRODUCT((#REF! = 'Output Tables'!C12) * (#REF! >= 'Output Tables'!$E$1) * (#REF! <= 'Output Tables'!$F$1) * #REF!)} -> #REF! | F12: {=SUMPRODUCT((#REF! = 'Output Tables'!D12) * (#REF! >= 'Output Tables'!$E$1) * (#REF! <= 'Output Tables'!$F$1) *#REF!)} -> #REF! | G12: =F12-E12 -> #REF! | H12: {=SUMPRODUCT((#REF! = 'Output Tables'!$D12) * (#REF! >= 'Output Tables'!$E$1) * (#REF! <= 'Output Tables'!$F$1) *#REF!)} -> #REF! | I12: =F12-H12 -> #REF!
B13: BARRIER | C13: BIM 1 (815) | D13: =_xlfn.XLOOKUP(C13,#REF!,#REF!,0) -> #REF! | E13: {=SUMPRODUCT((#REF! = 'Output Tables'!C13) * (#REF! >= 'Output Tables'!$E$1) * (#REF! <= 'Output Tables'!$F$1) * #REF!)} -> #REF! | F13: {=SUMPRODUCT((#REF! = 'Output Tables'!D13) * (#REF! >= 'Output Tables'!$E$1) * (#REF! <= 'Output Tables'!$F$1) *#REF!)} -> #REF! | G13: =F13-E13 -> #REF! | H13: {=SUMPRODUCT((#REF! = 'Output Tables'!$D13) * (#REF! >= 'Output Tables'!$E$1) * (#REF! <= 'Output Tables'!$F$1) *#REF!)} -> #REF! | I13: =F13-H13 -> #REF!
C14: BIM 2 (820) | D14: =_xlfn.XLOOKUP(C14,#REF!,#REF!,0) -> #REF! | E14: {=SUMPRODUCT((#REF! = 'Output Tables'!C14) * (#REF! >= 'Output Tables'!$E$1) * (#REF! <= 'Output Tables'!$F$1) * #REF!)} -> #REF! | F14: {=SUMPRODUCT((#REF! = 'Output Tables'!D14) * (#REF! >= 'Output Tables'!$E$1) * (#REF! <= 'Output Tables'!$F$1) *#REF!)} -> #REF! | G14: =F14-E14 -> #REF! | H14: {=SUMPRODUCT((#REF! = 'Output Tables'!$D14) * (#REF! >= 'Output Tables'!$E$1) * (#REF! <= 'Output Tables'!$F$1) *#REF!)} -> #REF! | I14: =F14-H14 -> #REF!
C15: BIM 4 (828) | D15: =_xlfn.XLOOKUP(C15,#REF!,#REF!,0) -> #REF! | E15: {=SUMPRODUCT((#REF! = 'Output Tables'!C15) * (#REF! >= 'Output Tables'!$E$1) * (#REF! <= 'Output Tables'!$F$1) * #REF!)} -> #REF! | F15: {=SUMPRODUCT((#REF! = 'Output Tables'!D15) * (#REF! >= 'Output Tables'!$E$1) * (#REF! <= 'Output Tables'!$F$1) *#REF!)} -> #REF! | G15: =F15-E15 -> #REF! | H15: {=SUMPRODUCT((#REF! = 'Output Tables'!$D15) * (#REF! >= 'Output Tables'!$E$1) * (#REF! <= 'Output Tables'!$F$1) *#REF!)} -> #REF! | I15: =F15-H15 -> #REF!
C16: BIM 6 (788) | D16: =_xlfn.XLOOKUP(C16,#REF!,#REF!,0) -> #REF! | E16: {=SUMPRODUCT((#REF! = 'Output Tables'!C16) * (#REF! >= 'Output Tables'!$E$1) * (#REF! <= 'Output Tables'!$F$1) * #REF!)} -> #REF! | F16: {=SUMPRODUCT((#REF! = 'Output Tables'!D16) * (#REF! >= 'Output Tables'!$E$1) * (#REF! <= 'Output Tables'!$F$1) *#REF!)} -> #REF! | G16: =F16-E16 -> #REF! | H16: {=SUMPRODUCT((#REF! = 'Output Tables'!$D16) * (#REF! >= 'Output Tables'!$E$1) * (#REF! <= 'Output Tables'!$F$1) *#REF!)} -> #REF! | I16: =F16-H16 -> #REF!
C17: BIM 7 (798) | D17: =_xlfn.XLOOKUP(C17,#REF!,#REF!,0) -> #REF! | E17: {=SUMPRODUCT((#REF! = 'Output Tables'!C17) * (#REF! >= 'Output Tables'!$E$1) * (#REF! <= 'Output Tables'!$F$1) * #REF!)} -> #REF! | F17: {=SUMPRODUCT((#REF! = 'Output Tables'!D17) * (#REF! >= 'Output Tables'!$E$1) * (#REF! <= 'Output Tables'!$F$1) *#REF!)} -> #REF! | G17: =F17-E17 -> #REF! | H17: {=SUMPRODUCT((#REF! = 'Output Tables'!$D17) * (#REF! >= 'Output Tables'!$E$1) * (#REF! <= 'Output Tables'!$F$1) *#REF!)} -> #REF! | I17: =F17-H17 -> #REF!
C18: BIM 9 (977) | D18: =_xlfn.XLOOKUP(C18,#REF!,#REF!,0) -> #REF! | E18: {=SUMPRODUCT((#REF! = 'Output Tables'!C18) * (#REF! >= 'Output Tables'!$E$1) * (#REF! <= 'Output Tables'!$F$1) * #REF!)} -> #REF! | F18: {=SUMPRODUCT((#REF! = 'Output Tables'!D18) * (#REF! >= 'Output Tables'!$E$1) * (#REF! <= 'Output Tables'!$F$1) *#REF!)} -> #REF! | G18: =F18-E18 -> #REF! | H18: {=SUMPRODUCT((#REF! = 'Output Tables'!$D18) * (#REF! >= 'Output Tables'!$E$1) * (#REF! <= 'Output Tables'!$F$1) *#REF!)} -> #REF! | I18: =F18-H18 -> #REF!
C19: BIM 10 (997) | D19: =_xlfn.XLOOKUP(C19,#REF!,#REF!,0) -> #REF! | E19: {=SUMPRODUCT((#REF! = 'Output Tables'!C19) * (#REF! >= 'Output Tables'!$E$1) * (#REF! <= 'Output Tables'!$F$1) * #REF!)} -> #REF! | F19: {=SUMPRODUCT((#REF! = 'Output Tables'!D19) * (#REF! >= 'Output Tables'!$E$1) * (#REF! <= 'Output Tables'!$F$1) *#REF!)} -> #REF! | G19: =F19-E19 -> #REF! | H19: {=SUMPRODUCT((#REF! = 'Output Tables'!$D19) * (#REF! >= 'Output Tables'!$E$1) * (#REF! <= 'Output Tables'!$F$1) *#REF!)} -> #REF! | I19: =F19-H19 -> #REF!
C20: BIM 11 (991) | D20: =_xlfn.XLOOKUP(C20,#REF!,#REF!,0) -> #REF! | E20: {=SUMPRODUCT((#REF! = 'Output Tables'!C20) * (#REF! >= 'Output Tables'!$E$1) * (#REF! <= 'Output Tables'!$F$1) * #REF!)} -> #REF! | F20: {=SUMPRODUCT((#REF! = 'Output Tables'!D20) * (#REF! >= 'Output Tables'!$E$1) * (#REF! <= 'Output Tables'!$F$1) *#REF!)} -> #REF! | G20: =F20-E20 -> #REF! | H20: {=SUMPRODUCT((#REF! = 'Output Tables'!$D20) * (#REF! >= 'Output Tables'!$E$1) * (#REF! <= 'Output Tables'!$F$1) *#REF!)} -> #REF! | I20: =F20-H20 -> #REF!
C21: BIM 17 | D21: =_xlfn.XLOOKUP(C21,#REF!,#REF!,0) -> #REF! | E21: {=SUMPRODUCT((#REF! = 'Output Tables'!C21) * (#REF! >= 'Output Tables'!$E$1) * (#REF! <= 'Output Tables'!$F$1) * #REF!)} -> #REF! | F21: {=SUMPRODUCT((#REF! = 'Output Tables'!D21) * (#REF! >= 'Output Tables'!$E$1) * (#REF! <= 'Output Tables'!$F$1) *#REF!)} -> #REF! | G21: =F21-E21 -> #REF! | H21: {=SUMPRODUCT((#REF! = 'Output Tables'!$D21) * (#REF! >= 'Output Tables'!$E$1) * (#REF! <= 'Output Tables'!$F$1) *#REF!)} -> #REF! | I21: =F21-H21 -> #REF!
C22: 2Pc Autocoiner 3 (796) | D22: =_xlfn.XLOOKUP(C22,#REF!,#REF!,0) -> #REF! | E22: {=SUMPRODUCT((#REF! = 'Output Tables'!C22) * (#REF! >= 'Output Tables'!$E$1) * (#REF! <= 'Output Tables'!$F$1) * #REF!)} -> #REF! | F22: {=SUMPRODUCT((#REF! = 'Output Tables'!D22) * (#REF! >= 'Output Tables'!$E$1) * (#REF! <= 'Output Tables'!$F$1) *#REF!)} -> #REF! | G22: =F22-E22 -> #REF! | H22: {=SUMPRODUCT((#REF! = 'Output Tables'!$D22) * (#REF! >= 'Output Tables'!$E$1) * (#REF! <= 'Output Tables'!$F$1) *#REF!)} -> #REF! | I22: =F22-H22 -> #REF!
C23: 2Pc Autocoiner 4 (843) | D23: =_xlfn.XLOOKUP(C23,#REF!,#REF!,0) -> #REF! | E23: {=SUMPRODUCT((#REF! = 'Output Tables'!C23) * (#REF! >= 'Output Tables'!$E$1) * (#REF! <= 'Output Tables'!$F$1) * #REF!)} -> #REF! | F23: {=SUMPRODUCT((#REF! = 'Output Tables'!D23) * (#REF! >= 'Output Tables'!$E$1) * (#REF! <= 'Output Tables'!$F$1) *#REF!)} -> #REF! | G23: =F23-E23 -> #REF! | H23: {=SUMPRODUCT((#REF! = 'Output Tables'!$D23) * (#REF! >= 'Output Tables'!$E$1) * (#REF! <= 'Output Tables'!$F$1) *#REF!)} -> #REF! | I23: =F23-H23 -> #REF!
C24: 2Pc Autocoiner 5 (858) | D24: =_xlfn.XLOOKUP(C24,#REF!,#REF!,0) -> #REF! | E24: {=SUMPRODUCT((#REF! = 'Output Tables'!C24) * (#REF! >= 'Output Tables'!$E$1) * (#REF! <= 'Output Tables'!$F$1) * #REF!)} -> #REF! | F24: {=SUMPRODUCT((#REF! = 'Output Tables'!D24) * (#REF! >= 'Output Tables'!$E$1) * (#REF! <= 'Output Tables'!$F$1) *#REF!)} -> #REF! | G24: =F24-E24 -> #REF! | H24: {=SUMPRODUCT((#REF! = 'Output Tables'!$D24) * (#REF! >= 'Output Tables'!$E$1) * (#REF! <= 'Output Tables'!$F$1) *#REF!)} -> #REF! | I24: =F24-H24 -> #REF!
C25: 2Pc Autocoiner 7 (996) | D25: =_xlfn.XLOOKUP(C25,#REF!,#REF!,0) -> #REF! | E25: {=SUMPRODUCT((#REF! = 'Output Tables'!C25) * (#REF! >= 'Output Tables'!$E$1) * (#REF! <= 'Output Tables'!$F$1) * #REF!)} -> #REF! | F25: {=SUMPRODUCT((#REF! = 'Output Tables'!D25) * (#REF! >= 'Output Tables'!$E$1) * (#REF! <= 'Output Tables'!$F$1) *#REF!)} -> #REF! | G25: =F25-E25 -> #REF! | H25: {=SUMPRODUCT((#REF! = 'Output Tables'!$D25) * (#REF! >= 'Output Tables'!$E$1) * (#REF! <= 'Output Tables'!$F$1) *#REF!)} -> #REF! | I25: =F25-H25 -> #REF!
C26: Extruder 4 (994) | D26: =_xlfn.XLOOKUP(C26,#REF!,#REF!,0) -> #REF! | E26: {=SUMPRODUCT((#REF! = 'Output Tables'!C26) * (#REF! >= 'Output Tables'!$E$1) * (#REF! <= 'Output Tables'!$F$1) * #REF!)} -> #REF! | F26: {=SUMPRODUCT((#REF! = 'Output Tables'!D26) * (#REF! >= 'Output Tables'!$E$1) * (#REF! <= 'Output Tables'!$F$1) *#REF!)} -> #REF! | G26: =F26-E26 -> #REF! | H26: {=SUMPRODUCT((#REF! = 'Output Tables'!$D26) * (#REF! >= 'Output Tables'!$E$1) * (#REF! <= 'Output Tables'!$F$1) *#REF!)} -> #REF! | I26: =F26-H26 -> #REF!
D27: TOTAL | E27: =SUM(E4:E26) -> #REF! | F27: =SUM(F4:F26) -> #REF! | G27: =SUM(G4:G26) -> #REF! | H27: =SUM(H4:H26) -> #REF! | I27: =F27-H27 -> #REF!
D30: Machine | E30: YTD Target Output | F30: YTD Actual | G30: Surplus / Deficit | H30: Stated Capacity | I30: Surplus / Deficit Capacity
A31: BALLINA | B31: POUCH | C31: Kiefel 3 | D31: =_xlfn.XLOOKUP(C31,#REF!,#REF!,0) -> #REF! | E31: {=SUMPRODUCT((#REF! = 'Output Tables'!C31) * (#REF! >= 'Output Tables'!$E$1) * (#REF! <= 'Output Tables'!$F$1) * #REF!)} -> #REF! | F31: {=SUMPRODUCT((#REF! = 'Output Tables'!D31) * (#REF! >= 'Output Tables'!$E$1) * (#REF! <= 'Output Tables'!$F$1) *#REF!)} -> #REF! | G31: =F31-E31 -> #REF! | H31: {=SUMPRODUCT((#REF! = 'Output Tables'!$D31) * (#REF! >= 'Output Tables'!$E$1) * (#REF! <= 'Output Tables'!$F$1) *#REF!)} -> #REF! | I31: =F31-H31 -> #REF!
C32: Kiefel 9 | D32: =_xlfn.XLOOKUP(C32,#REF!,#REF!,0) -> #REF! | E32: {=SUMPRODUCT((#REF! = 'Output Tables'!C32) * (#REF! >= 'Output Tables'!$E$1) * (#REF! <= 'Output Tables'!$F$1) * #REF!)} -> #REF! | F32: {=SUMPRODUCT((#REF! = 'Output Tables'!D32) * (#REF! >= 'Output Tables'!$E$1) * (#REF! <= 'Output Tables'!$F$1) *#REF!)} -> #REF! | G32: =F32-E32 -> #REF! | H32: {=SUMPRODUCT((#REF! = 'Output Tables'!$D32) * (#REF! >= 'Output Tables'!$E$1) * (#REF! <= 'Output Tables'!$F$1) *#REF!)} -> #REF! | I32: =F32-H32 -> #REF!
C33: Kiefel 14 | D33: =_xlfn.XLOOKUP(C33,#REF!,#REF!,0) -> #REF! | E33: {=SUMPRODUCT((#REF! = 'Output Tables'!C33) * (#REF! >= 'Output Tables'!$E$1) * (#REF! <= 'Output Tables'!$F$1) * #REF!)} -> #REF! | F33: {=SUMPRODUCT((#REF! = 'Output Tables'!D33) * (#REF! >= 'Output Tables'!$E$1) * (#REF! <= 'Output Tables'!$F$1) *#REF!)} -> #REF! | G33: =F33-E33 -> #REF! | H33: {=SUMPRODUCT((#REF! = 'Output Tables'!$D33) * (#REF! >= 'Output Tables'!$E$1) * (#REF! <= 'Output Tables'!$F$1) *#REF!)} -> #REF! | I33: =F33-H33 -> #REF!
C34: Kiefel 10 | D34: =_xlfn.XLOOKUP(C34,#REF!,#REF!,0) -> #REF! | E34: {=SUMPRODUCT((#REF! = 'Output Tables'!C34) * (#REF! >= 'Output Tables'!$E$1) * (#REF! <= 'Output Tables'!$F$1) * #REF!)} -> #REF! | F34: {=SUMPRODUCT((#REF! = 'Output Tables'!D34) * (#REF! >= 'Output Tables'!$E$1) * (#REF! <= 'Output Tables'!$F$1) *#REF!)} -> #REF! | G34: =F34-E34 -> #REF! | H34: {=SUMPRODUCT((#REF! = 'Output Tables'!$D34) * (#REF! >= 'Output Tables'!$E$1) * (#REF! <= 'Output Tables'!$F$1) *#REF!)} -> #REF! | I34: =F34-H34 -> #REF!
C35: Kiefel 13 | D35: =_xlfn.XLOOKUP(C35,#REF!,#REF!,0) -> #REF! | E35: {=SUMPRODUCT((#REF! = 'Output Tables'!C35) * (#REF! >= 'Output Tables'!$E$1) * (#REF! <= 'Output Tables'!$F$1) * #REF!)} -> #REF! | F35: {=SUMPRODUCT((#REF! = 'Output Tables'!D35) * (#REF! >= 'Output Tables'!$E$1) * (#REF! <= 'Output Tables'!$F$1) *#REF!)} -> #REF! | G35: =F35-E35 -> #REF! | H35: {=SUMPRODUCT((#REF! = 'Output Tables'!$D35) * (#REF! >= 'Output Tables'!$E$1) * (#REF! <= 'Output Tables'!$F$1) *#REF!)} -> #REF! | I35: =F35-H35 -> #REF!
C36: P16 | D36: =_xlfn.XLOOKUP(C36,#REF!,#REF!,0) -> #REF! | E36: {=SUMPRODUCT((#REF! = 'Output Tables'!C36) * (#REF! >= 'Output Tables'!$E$1) * (#REF! <= 'Output Tables'!$F$1) * #REF!)} -> #REF! | F36: {=SUMPRODUCT((#REF! = 'Output Tables'!D36) * (#REF! >= 'Output Tables'!$E$1) * (#REF! <= 'Output Tables'!$F$1) *#REF!)} -> #REF! | G36: =F36-E36 -> #REF! | H36: {=SUMPRODUCT((#REF! = 'Output Tables'!$D36) * (#REF! >= 'Output Tables'!$E$1) * (#REF! <= 'Output Tables'!$F$1) *#REF!)} -> #REF! | I36: =F36-H36 -> #REF!
C37: HF11 | D37: =_xlfn.XLOOKUP(C37,#REF!,#REF!,0) -> #REF! | E37: {=SUMPRODUCT((#REF! = 'Output Tables'!C37) * (#REF! >= 'Output Tables'!$E$1) * (#REF! <= 'Output Tables'!$F$1) * #REF!)} -> #REF! | F37: {=SUMPRODUCT((#REF! = 'Output Tables'!D37) * (#REF! >= 'Output Tables'!$E$1) * (#REF! <= 'Output Tables'!$F$1) *#REF!)} -> #REF! | G37: =F37-E37 -> #REF! | H37: {=SUMPRODUCT((#REF! = 'Output Tables'!$D37) * (#REF! >= 'Output Tables'!$E$1) * (#REF! <= 'Output Tables'!$F$1) *#REF!)} -> #REF! | I37: =F37-H37 -> #REF!
C38: Kiefel 2 | D38: =_xlfn.XLOOKUP(C38,#REF!,#REF!,0) -> #REF! | E38: {=SUMPRODUCT((#REF! = 'Output Tables'!C38) * (#REF! >= 'Output Tables'!$E$1) * (#REF! <= 'Output Tables'!$F$1) * #REF!)} -> #REF! | F38: {=SUMPRODUCT((#REF! = 'Output Tables'!D38) * (#REF! >= 'Output Tables'!$E$1) * (#REF! <= 'Output Tables'!$F$1) *#REF!)} -> #REF! | G38: =F38-E38 -> #REF! | H38: {=SUMPRODUCT((#REF! = 'Output Tables'!$D38) * (#REF! >= 'Output Tables'!$E$1) * (#REF! <= 'Output Tables'!$F$1) *#REF!)} -> #REF! | I38: =F38-H38 -> #REF!
C39: HU2 | D39: =_xlfn.XLOOKUP(C39,#REF!,#REF!,0) -> #REF! | E39: {=SUMPRODUCT((#REF! = 'Output Tables'!C39) * (#REF! >= 'Output Tables'!$E$1) * (#REF! <= 'Output Tables'!$F$1) * #REF!)} -> #REF! | F39: {=SUMPRODUCT((#REF! = 'Output Tables'!D39) * (#REF! >= 'Output Tables'!$E$1) * (#REF! <= 'Output Tables'!$F$1) *#REF!)} -> #REF! | G39: =F39-E39 -> #REF! | H39: {=SUMPRODUCT((#REF! = 'Output Tables'!$D39) * (#REF! >= 'Output Tables'!$E$1) * (#REF! <= 'Output Tables'!$F$1) *#REF!)} -> #REF! | I39: =F39-H39 -> #REF!
C40: HU3 | D40: =_xlfn.XLOOKUP(C40,#REF!,#REF!,0) -> #REF! | E40: {=SUMPRODUCT((#REF! = 'Output Tables'!C40) * (#REF! >= 'Output Tables'!$E$1) * (#REF! <= 'Output Tables'!$F$1) * #REF!)} -> #REF! | F40: {=SUMPRODUCT((#REF! = 'Output Tables'!D40) * (#REF! >= 'Output Tables'!$E$1) * (#REF! <= 'Output Tables'!$F$1) *#REF!)} -> #REF! | G40: =F40-E40 -> #REF! | H40: {=SUMPRODUCT((#REF! = 'Output Tables'!$D40) * (#REF! >= 'Output Tables'!$E$1) * (#REF! <= 'Output Tables'!$F$1) *#REF!)} -> #REF! | I40: =F40-H40 -> #REF!
C41: Autocoiner #3 | D41: =_xlfn.XLOOKUP(C41,#REF!,#REF!,0) -> #REF! | E41: {=SUMPRODUCT((#REF! = 'Output Tables'!C41) * (#REF! >= 'Output Tables'!$E$1) * (#REF! <= 'Output Tables'!$F$1) * #REF!)} -> #REF! | F41: {=SUMPRODUCT((#REF! = 'Output Tables'!D41) * (#REF! >= 'Output Tables'!$E$1) * (#REF! <= 'Output Tables'!$F$1) *#REF!)} -> #REF! | G41: =F41-E41 -> #REF! | H41: {=SUMPRODUCT((#REF! = 'Output Tables'!$D41) * (#REF! >= 'Output Tables'!$E$1) * (#REF! <= 'Output Tables'!$F$1) *#REF!)} -> #REF! | I41: =F41-H41 -> #REF!
C42: Autocoiner #4 | D42: =_xlfn.XLOOKUP(C42,#REF!,#REF!,0) -> #REF! | E42: {=SUMPRODUCT((#REF! = 'Output Tables'!C42) * (#REF! >= 'Output Tables'!$E$1) * (#REF! <= 'Output Tables'!$F$1) * #REF!)} -> #REF! | F42: {=SUMPRODUCT((#REF! = 'Output Tables'!D42) * (#REF! >= 'Output Tables'!$E$1) * (#REF! <= 'Output Tables'!$F$1) *#REF!)} -> #REF! | G42: =F42-E42 -> #REF! | H42: {=SUMPRODUCT((#REF! = 'Output Tables'!$D42) * (#REF! >= 'Output Tables'!$E$1) * (#REF! <= 'Output Tables'!$F$1) *#REF!)} -> #REF! | I42: =F42-H42 -> #REF!
C43: Autocoiner #5 | D43: =_xlfn.XLOOKUP(C43,#REF!,#REF!,0) -> #REF! | E43: {=SUMPRODUCT((#REF! = 'Output Tables'!C43) * (#REF! >= 'Output Tables'!$E$1) * (#REF! <= 'Output Tables'!$F$1) * #REF!)} -> #REF! | F43: {=SUMPRODUCT((#REF! = 'Output Tables'!D43) * (#REF! >= 'Output Tables'!$E$1) * (#REF! <= 'Output Tables'!$F$1) *#REF!)} -> #REF! | G43: =F43-E43 -> #REF! | H43: {=SUMPRODUCT((#REF! = 'Output Tables'!$D43) * (#REF! >= 'Output Tables'!$E$1) * (#REF! <= 'Output Tables'!$F$1) *#REF!)} -> #REF! | I43: =F43-H43 -> #REF!
... C46: Autocoiner #8 | D46: =_xlfn.XLOOKUP(C46,#REF!,#REF!,0) -> #REF! | E46: {=SUMPRODUCT((#REF! = 'Output Tables'!C46) * (#REF! >= 'Output Tables'!$E$1) * (#REF! <= 'Output Tables'!$F$1) * #REF!)} -> #REF! | F46: {=SUMPRODUCT((#REF! = 'Output Tables'!D46) * (#REF! >= 'Output Tables'!$E$1) * (#REF! <= 'Output Tables'!$F$1) *#REF!)} -> #REF! | G46: =F46-E46 -> #REF! | H46: {=SUMPRODUCT((#REF! = 'Output Tables'!$D46) * (#REF! >= 'Output Tables'!$E$1) * (#REF! <= 'Output Tables'!$F$1) *#REF!)} -> #REF! | I46: =F46-H46 -> #REF!
B47: BARRIER | C47: BIM03 | D47: =_xlfn.XLOOKUP(C47,#REF!,#REF!,0) -> #REF! | E47: {=SUMPRODUCT((#REF! = 'Output Tables'!C47) * (#REF! >= 'Output Tables'!$E$1) * (#REF! <= 'Output Tables'!$F$1) * #REF!)} -> #REF! | F47: {=SUMPRODUCT((#REF! = 'Output Tables'!D47) * (#REF! >= 'Output Tables'!$E$1) * (#REF! <= 'Output Tables'!$F$1) *#REF!)} -> #REF! | G47: =F47-E47 -> #REF! | H47: {=SUMPRODUCT((#REF! = 'Output Tables'!$D47) * (#REF! >= 'Output Tables'!$E$1) * (#REF! <= 'Output Tables'!$F$1) *#REF!)} -> #REF! | I47: =F47-H47 -> #REF!
C48: BIM08 | D48: =_xlfn.XLOOKUP(C48,#REF!,#REF!,0) -> #REF! | E48: {=SUMPRODUCT((#REF! = 'Output Tables'!C48) * (#REF! >= 'Output Tables'!$E$1) * (#REF! <= 'Output Tables'!$F$1) * #REF!)} -> #REF! | F48: {=SUMPRODUCT((#REF! = 'Output Tables'!D48) * (#REF! >= 'Output Tables'!$E$1) * (#REF! <= 'Output Tables'!$F$1) *#REF!)} -> #REF! | G48: =F48-E48 -> #REF! | H48: {=SUMPRODUCT((#REF! = 'Output Tables'!$D48) * (#REF! >= 'Output Tables'!$E$1) * (#REF! <= 'Output Tables'!$F$1) *#REF!)} -> #REF! | I48: =F48-H48 -> #REF!
C49: BIM 12 | D49: =_xlfn.XLOOKUP(C49,#REF!,#REF!,0) -> #REF! | E49: {=SUMPRODUCT((#REF! = 'Output Tables'!C49) * (#REF! >= 'Output Tables'!$E$1) * (#REF! <= 'Output Tables'!$F$1) * #REF!)} -> #REF! | F49: {=SUMPRODUCT((#REF! = 'Output Tables'!D49) * (#REF! >= 'Output Tables'!$E$1) * (#REF! <= 'Output Tables'!$F$1) *#REF!)} -> #REF! | G49: =F49-E49 -> #REF! | H49: {=SUMPRODUCT((#REF! = 'Output Tables'!$D49) * (#REF! >= 'Output Tables'!$E$1) * (#REF! <= 'Output Tables'!$F$1) *#REF!)} -> #REF! | I49: =F49-H49 -> #REF!
C50: BFX1 | D50: =_xlfn.XLOOKUP(C50,#REF!,#REF!,0) -> #REF! | E50: {=SUMPRODUCT((#REF! = 'Output Tables'!C50) * (#REF! >= 'Output Tables'!$E$1) * (#REF! <= 'Output Tables'!$F$1) * #REF!)} -> #REF! | F50: {=SUMPRODUCT((#REF! = 'Output Tables'!D50) * (#REF! >= 'Output Tables'!$E$1) * (#REF! <= 'Output Tables'!$F$1) *#REF!)} -> #REF! | G50: =F50-E50 -> #REF! | H50: {=SUMPRODUCT((#REF! = 'Output Tables'!$D50) * (#REF! >= 'Output Tables'!$E$1) * (#REF! <= 'Output Tables'!$F$1) *#REF!)} -> #REF! | I50: =F50-H50 -> #REF!
D51: TOTAL | E51: =SUM(E31:E50) -> #REF! | F51: =SUM(F31:F50) -> #REF! | G51: =SUM(G31:G50) -> #REF! | H51: =SUM(H31:H50) -> #REF! | I51: =SUM(I31:I50) -> #REF!
D54: Machine | E54: YTD Target Output | F54: YTD Actual | G54: Surplus / Deficit | H54: Stated Capacity | I54: Surplus / Deficit Capacity
A55: KAUNAS | B55: POUCH | C55: PCH01 | D55: =_xlfn.XLOOKUP(C55,#REF!,#REF!,0) -> #REF! | E55: {=SUMPRODUCT((#REF! = 'Output Tables'!C55) * (#REF! >= 'Output Tables'!$E$1) * (#REF! <= 'Output Tables'!$F$1) * #REF!)} -> #REF! | F55: {=SUMPRODUCT((#REF! = 'Output Tables'!D55) * (#REF! >= 'Output Tables'!$E$1) * (#REF! <= 'Output Tables'!$F$1) *#REF!)} -> #REF! | G55: =F55-E55 -> #REF! | H55: {=SUMPRODUCT((#REF! = 'Output Tables'!$D55) * (#REF! >= 'Output Tables'!$E$1) * (#REF! <= 'Output Tables'!$F$1) *#REF!)} -> #REF! | I55: =F55-H55 -> #REF!
C56: PCH04 | D56: =_xlfn.XLOOKUP(C56,#REF!,#REF!,0) -> #REF! | E56: {=SUMPRODUCT((#REF! = 'Output Tables'!C56) * (#REF! >= 'Output Tables'!$E$1) * (#REF! <= 'Output Tables'!$F$1) * #REF!)} -> #REF! | F56: {=SUMPRODUCT((#REF! = 'Output Tables'!D56) * (#REF! >= 'Output Tables'!$E$1) * (#REF! <= 'Output Tables'!$F$1) *#REF!)} -> #REF! | G56: =F56-E56 -> #REF! | H56: {=SUMPRODUCT((#REF! = 'Output Tables'!$D56) * (#REF! >= 'Output Tables'!$E$1) * (#REF! <= 'Output Tables'!$F$1) *#REF!)} -> #REF! | I56: =F56-H56 -> #REF!
C57: PCH07 | D57: =_xlfn.XLOOKUP(C57,#REF!,#REF!,0) -> #REF! | E57: {=SUMPRODUCT((#REF! = 'Output Tables'!C57) * (#REF! >= 'Output Tables'!$E$1) * (#REF! <= 'Output Tables'!$F$1) * #REF!)} -> #REF! | F57: {=SUMPRODUCT((#REF! = 'Output Tables'!D57) * (#REF! >= 'Output Tables'!$E$1) * (#REF! <= 'Output Tables'!$F$1) *#REF!)} -> #REF! | G57: =F57-E57 -> #REF! | H57: {=SUMPRODUCT((#REF! = 'Output Tables'!$D57) * (#REF! >= 'Output Tables'!$E$1) * (#REF! <= 'Output Tables'!$F$1) *#REF!)} -> #REF! | I57: =F57-H57 -> #REF!
C58: PCH15 | D58: =_xlfn.XLOOKUP(C58,#REF!,#REF!,0) -> #REF! | E58: {=SUMPRODUCT((#REF! = 'Output Tables'!C58) * (#REF! >= 'Output Tables'!$E$1) * (#REF! <= 'Output Tables'!$F$1) * #REF!)} -> #REF! | F58: {=SUMPRODUCT((#REF! = 'Output Tables'!D58) * (#REF! >= 'Output Tables'!$E$1) * (#REF! <= 'Output Tables'!$F$1) *#REF!)} -> #REF! | G58: =F58-E58 -> #REF! | H58: {=SUMPRODUCT((#REF! = 'Output Tables'!$D58) * (#REF! >= 'Output Tables'!$E$1) * (#REF! <= 'Output Tables'!$F$1) *#REF!)} -> #REF! | I58: =F58-H58 -> #REF!
B59: BARRIER | C59: BIM13 | D59: =_xlfn.XLOOKUP(C59,#REF!,#REF!,0) -> #REF! | E59: {=SUMPRODUCT((#REF! = 'Output Tables'!C59) * (#REF! >= 'Output Tables'!$E$1) * (#REF! <= 'Output Tables'!$F$1) * #REF!)} -> #REF! | F59: {=SUMPRODUCT((#REF! = 'Output Tables'!D59) * (#REF! >= 'Output Tables'!$E$1) * (#REF! <= 'Output Tables'!$F$1) *#REF!)} -> #REF! | G59: =F59-E59 -> #REF! | H59: {=SUMPRODUCT((#REF! = 'Output Tables'!$D59) * (#REF! >= 'Output Tables'!$E$1) * (#REF! <= 'Output Tables'!$F$1) *#REF!)} -> #REF! | I59: =F59-H59 -> #REF!
C60: BIM14 | D60: =_xlfn.XLOOKUP(C60,#REF!,#REF!,0) -> #REF! | E60: {=SUMPRODUCT((#REF! = 'Output Tables'!C60) * (#REF! >= 'Output Tables'!$E$1) * (#REF! <= 'Output Tables'!$F$1) * #REF!)} -> #REF! | F60: {=SUMPRODUCT((#REF! = 'Output Tables'!D60) * (#REF! >= 'Output Tables'!$E$1) * (#REF! <= 'Output Tables'!$F$1) *#REF!)} -> #REF! | G60: =F60-E60 -> #REF! | H60: {=SUMPRODUCT((#REF! = 'Output Tables'!$D60) * (#REF! >= 'Output Tables'!$E$1) * (#REF! <= 'Output Tables'!$F$1) *#REF!)} -> #REF! | I60: =F60-H60 -> #REF!
C61: BIM15 | D61: =_xlfn.XLOOKUP(C61,#REF!,#REF!,0) -> #REF! | E61: {=SUMPRODUCT((#REF! = 'Output Tables'!C61) * (#REF! >= 'Output Tables'!$E$1) * (#REF! <= 'Output Tables'!$F$1) * #REF!)} -> #REF! | F61: {=SUMPRODUCT((#REF! = 'Output Tables'!D61) * (#REF! >= 'Output Tables'!$E$1) * (#REF! <= 'Output Tables'!$F$1) *#REF!)} -> #REF! | G61: =F61-E61 -> #REF! | H61: {=SUMPRODUCT((#REF! = 'Output Tables'!$D61) * (#REF! >= 'Output Tables'!$E$1) * (#REF! <= 'Output Tables'!$F$1) *#REF!)} -> #REF! | I61: =F61-H61 -> #REF!
C62: BIM16 | D62: =_xlfn.XLOOKUP(C62,#REF!,#REF!,0) -> #REF! | E62: {=SUMPRODUCT((#REF! = 'Output Tables'!C62) * (#REF! >= 'Output Tables'!$E$1) * (#REF! <= 'Output Tables'!$F$1) * #REF!)} -> #REF! | F62: {=SUMPRODUCT((#REF! = 'Output Tables'!D62) * (#REF! >= 'Output Tables'!$E$1) * (#REF! <= 'Output Tables'!$F$1) *#REF!)} -> #REF! | G62: =F62-E62 -> #REF! | H62: {=SUMPRODUCT((#REF! = 'Output Tables'!$D62) * (#REF! >= 'Output Tables'!$E$1) * (#REF! <= 'Output Tables'!$F$1) *#REF!)} -> #REF! | I62: =F62-H62 -> #REF!
C63: AC08 | D63: =_xlfn.XLOOKUP(C63,#REF!,#REF!,0) -> #REF! | E63: {=SUMPRODUCT((#REF! = 'Output Tables'!C63) * (#REF! >= 'Output Tables'!$E$1) * (#REF! <= 'Output Tables'!$F$1) * #REF!)} -> #REF! | F63: {=SUMPRODUCT((#REF! = 'Output Tables'!D63) * (#REF! >= 'Output Tables'!$E$1) * (#REF! <= 'Output Tables'!$F$1) *#REF!)} -> #REF! | G63: =F63-E63 -> #REF! | H63: {=SUMPRODUCT((#REF! = 'Output Tables'!$D63) * (#REF! >= 'Output Tables'!$E$1) * (#REF! <= 'Output Tables'!$F$1) *#REF!)} -> #REF! | I63: =F63-H63 -> #REF!
C64: AC09 | D64: =_xlfn.XLOOKUP(C64,#REF!,#REF!,0) -> #REF! | E64: {=SUMPRODUCT((#REF! = 'Output Tables'!C64) * (#REF! >= 'Output Tables'!$E$1) * (#REF! <= 'Output Tables'!$F$1) * #REF!)} -> #REF! | F64: {=SUMPRODUCT((#REF! = 'Output Tables'!D64) * (#REF! >= 'Output Tables'!$E$1) * (#REF! <= 'Output Tables'!$F$1) *#REF!)} -> #REF! | G64: =F64-E64 -> #REF! | H64: {=SUMPRODUCT((#REF! = 'Output Tables'!$D64) * (#REF! >= 'Output Tables'!$E$1) * (#REF! <= 'Output Tables'!$F$1) *#REF!)} -> #REF! | I64: =F64-H64 -> #REF!
C65: AC10 | D65: =_xlfn.XLOOKUP(C65,#REF!,#REF!,0) -> #REF! | E65: {=SUMPRODUCT((#REF! = 'Output Tables'!C65) * (#REF! >= 'Output Tables'!$E$1) * (#REF! <= 'Output Tables'!$F$1) * #REF!)} -> #REF! | F65: {=SUMPRODUCT((#REF! = 'Output Tables'!D65) * (#REF! >= 'Output Tables'!$E$1) * (#REF! <= 'Output Tables'!$F$1) *#REF!)} -> #REF! | G65: =F65-E65 -> #REF! | H65: {=SUMPRODUCT((#REF! = 'Output Tables'!$D65) * (#REF! >= 'Output Tables'!$E$1) * (#REF! <= 'Output Tables'!$F$1) *#REF!)} -> #REF! | I65: =F65-H65 -> #REF!
C66: EX05 | D66: =_xlfn.XLOOKUP(C66,#REF!,#REF!,0) -> #REF! | E66: {=SUMPRODUCT((#REF! = 'Output Tables'!C66) * (#REF! >= 'Output Tables'!$E$1) * (#REF! <= 'Output Tables'!$F$1) * #REF!)} -> #REF! | F66: {=SUMPRODUCT((#REF! = 'Output Tables'!D66) * (#REF! >= 'Output Tables'!$E$1) * (#REF! <= 'Output Tables'!$F$1) *#REF!)} -> #REF! | G66: =F66-E66 -> #REF! | H66: {=SUMPRODUCT((#REF! = 'Output Tables'!$D66) * (#REF! >= 'Output Tables'!$E$1) * (#REF! <= 'Output Tables'!$F$1) *#REF!)} -> #REF! | I66: =F66-H66 -> #REF!
D67: TOTAL | E67: =SUM(E55:E66) -> #REF! | F67: =SUM(F55:F66) -> #REF! | G67: =SUM(G55:G66) -> #REF! | H67: =SUM(H55:H66) -> #REF! | I67: =SUM(I55:I66) -> #REF!
E70: YTD Target Output | F70: YTD Actual | G70: Output Below or Equal to Target | H70: Target Not Met | I70: Output Overachieved
D71: BA | E71: =E51 -> #REF! | F71: =F51 -> #REF! | G71: =IF(F71<=E71, F71, E71) -> #REF! | H71: =MAX(E71-G71, 0) -> #REF! | I71: =MAX(F71-G71, 0) -> #REF!
D72: KA | E72: =E67 -> #REF! | F72: =F67 -> #REF! | G72: =IF(F72<=E72, F72, E72) -> #REF! | H72: =MAX(E72-G72, 0) -> #REF! | I72: =MAX(F72-G72, 0) -> #REF!
D73: SD | E73: =E27 -> #REF! | F73: =F27 -> #REF! | G73: =IF(F73<=E73, F73, E73) -> #REF! | H73: =MAX(E73-G73, 0) -> #REF! | I73: =MAX(F73-G73, 0) -> #REF!
E82: YTD Target Output | F82: YTD Actual | G82: Surplus / Deficit | H82: Target OEE | I82: YTD Avg OEE | J82: Stated Capacity
A83: DRAINABLE POUCH | B83: BA | C83: =_xlfn.XLOOKUP($D83,$D$4:$D$66,C$4:C$66) -> #N/A | D83: 05KFL03 | E83: =_xlfn.XLOOKUP($D83,$D$4:$D$66,E$4:E$66) -> #N/A | F83: =_xlfn.XLOOKUP($D83,$D$4:$D$66,F$4:F$66) -> #N/A | G83: =F83-E83 -> #N/A | H83: {=_xlfn.XLOOKUP(1,(#REF!=C83)*(#REF!=$F$1),#REF!)} -> #REF! | I83: {=_xlfn.XLOOKUP(1,(#REF!=C83)*(#REF!=$F$1),#REF!) / _xlfn.XLOOKUP(1,(#REF!=C83)*(#REF!=$F$1),#REF!)} -> #REF! | J83: =_xlfn.XLOOKUP($D83,$D$4:$D$66,H$4:H$66) -> #N/A
C84: =_xlfn.XLOOKUP($D84,$D$4:$D$66,C$4:C$66) -> #N/A | D84: 05KFL09 | E84: =_xlfn.XLOOKUP($D84,$D$4:$D$66,E$4:E$66) -> #N/A | F84: =_xlfn.XLOOKUP($D84,$D$4:$D$66,F$4:F$66) -> #N/A | G84: =F84-E84 -> #N/A | H84: {=_xlfn.XLOOKUP(1,(#REF!=C84)*(#REF!=$F$1),#REF!)} -> #REF! | I84: {=_xlfn.XLOOKUP(1,(#REF!=C84)*(#REF!=$F$1),#REF!) / _xlfn.XLOOKUP(1,(#REF!=C84)*(#REF!=$F$1),#REF!)} -> #REF! | J84: =_xlfn.XLOOKUP($D84,$D$4:$D$66,H$4:H$66) -> #N/A
C85: =_xlfn.XLOOKUP($D85,$D$4:$D$66,C$4:C$66) -> #N/A | D85: 05KFL14 | E85: =_xlfn.XLOOKUP($D85,$D$4:$D$66,E$4:E$66) -> #N/A | F85: =_xlfn.XLOOKUP($D85,$D$4:$D$66,F$4:F$66) -> #N/A | G85: =F85-E85 -> #N/A | H85: {=_xlfn.XLOOKUP(1,(#REF!=C85)*(#REF!=$F$1),#REF!)} -> #REF! | I85: {=_xlfn.XLOOKUP(1,(#REF!=C85)*(#REF!=$F$1),#REF!) / _xlfn.XLOOKUP(1,(#REF!=C85)*(#REF!=$F$1),#REF!)} -> #REF! | J85: =_xlfn.XLOOKUP($D85,$D$4:$D$66,H$4:H$66) -> #N/A
C86: =_xlfn.XLOOKUP($D86,$D$4:$D$66,C$4:C$66) -> #N/A | D86: 05KFL10 | E86: =_xlfn.XLOOKUP($D86,$D$4:$D$66,E$4:E$66) -> #N/A | F86: =_xlfn.XLOOKUP($D86,$D$4:$D$66,F$4:F$66) -> #N/A | G86: =F86-E86 -> #N/A | H86: {=_xlfn.XLOOKUP(1,(#REF!=C86)*(#REF!=$F$1),#REF!)} -> #REF! | I86: {=_xlfn.XLOOKUP(1,(#REF!=C86)*(#REF!=$F$1),#REF!) / _xlfn.XLOOKUP(1,(#REF!=C86)*(#REF!=$F$1),#REF!)} -> #REF! | J86: =_xlfn.XLOOKUP($D86,$D$4:$D$66,H$4:H$66) -> #N/A
C87: =_xlfn.XLOOKUP($D87,$D$4:$D$66,C$4:C$66) -> #N/A | D87: 05KFL13 | E87: =_xlfn.XLOOKUP($D87,$D$4:$D$66,E$4:E$66) -> #N/A | F87: =_xlfn.XLOOKUP($D87,$D$4:$D$66,F$4:F$66) -> #N/A | G87: =F87-E87 -> #N/A | H87: {=_xlfn.XLOOKUP(1,(#REF!=C87)*(#REF!=$F$1),#REF!)} -> #REF! | I87: {=_xlfn.XLOOKUP(1,(#REF!=C87)*(#REF!=$F$1),#REF!) / _xlfn.XLOOKUP(1,(#REF!=C87)*(#REF!=$F$1),#REF!)} -> #REF! | J87: =_xlfn.XLOOKUP($D87,$D$4:$D$66,H$4:H$66) -> #N/A
C88: =_xlfn.XLOOKUP($D88,$D$4:$D$66,C$4:C$66) -> #N/A | D88: 05PM16 | E88: =_xlfn.XLOOKUP($D88,$D$4:$D$66,E$4:E$66) -> #N/A | F88: =_xlfn.XLOOKUP($D88,$D$4:$D$66,F$4:F$66) -> #N/A | G88: =F88-E88 -> #N/A | H88: {=_xlfn.XLOOKUP(1,(#REF!=C88)*(#REF!=$F$1),#REF!)} -> #REF! | I88: {=_xlfn.XLOOKUP(1,(#REF!=C88)*(#REF!=$F$1),#REF!) / _xlfn.XLOOKUP(1,(#REF!=C88)*(#REF!=$F$1),#REF!)} -> #REF! | J88: =_xlfn.XLOOKUP($D88,$D$4:$D$66,H$4:H$66) -> #N/A
B89: KA | C89: =_xlfn.XLOOKUP($D89,$D$4:$D$66,C$4:C$66) -> #N/A | D89: PCH15 | E89: =_xlfn.XLOOKUP($D89,$D$4:$D$66,E$4:E$66) -> #N/A | F89: =_xlfn.XLOOKUP($D89,$D$4:$D$66,F$4:F$66) -> #N/A | G89: =F89-E89 -> #N/A | H89: {=_xlfn.XLOOKUP(1,(#REF!=C89)*(#REF!=$F$1),#REF!)} -> #REF! | I89: {=_xlfn.XLOOKUP(1,(#REF!=C89)*(#REF!=$F$1),#REF!) / _xlfn.XLOOKUP(1,(#REF!=C89)*(#REF!=$F$1),#REF!)} -> #REF! | J89: =_xlfn.XLOOKUP($D89,$D$4:$D$66,H$4:H$66) -> #N/A
B90: SD | C90: =_xlfn.XLOOKUP($D90,$D$4:$D$66,C$4:C$66) -> #N/A | D90: 96K06 | E90: =_xlfn.XLOOKUP($D90,$D$4:$D$66,E$4:E$66) -> #N/A | F90: =_xlfn.XLOOKUP($D90,$D$4:$D$66,F$4:F$66) -> #N/A | G90: =F90-E90 -> #N/A | H90: {=_xlfn.XLOOKUP(1,(#REF!=C90)*(#REF!=$F$1),#REF!)} -> #REF! | I90: {=_xlfn.XLOOKUP(1,(#REF!=C90)*(#REF!=$F$1),#REF!) / _xlfn.XLOOKUP(1,(#REF!=C90)*(#REF!=$F$1),#REF!)} -> #REF! | J90: =_xlfn.XLOOKUP($D90,$D$4:$D$66,H$4:H$66) -> #N/A
C91: =_xlfn.XLOOKUP($D91,$D$4:$D$66,C$4:C$66) -> #N/A | D91: 96K08 | E91: =_xlfn.XLOOKUP($D91,$D$4:$D$66,E$4:E$66) -> #N/A | F91: =_xlfn.XLOOKUP($D91,$D$4:$D$66,F$4:F$66) -> #N/A | G91: =F91-E91 -> #N/A | H91: {=_xlfn.XLOOKUP(1,(#REF!=C91)*(#REF!=$F$1),#REF!)} -> #REF! | I91: {=_xlfn.XLOOKUP(1,(#REF!=C91)*(#REF!=$F$1),#REF!) / _xlfn.XLOOKUP(1,(#REF!=C91)*(#REF!=$F$1),#REF!)} -> #REF! | J91: =_xlfn.XLOOKUP($D91,$D$4:$D$66,H$4:H$66) -> #N/A
C92: =_xlfn.XLOOKUP($D92,$D$4:$D$66,C$4:C$66) -> #N/A | D92: 96K11 | E92: =_xlfn.XLOOKUP($D92,$D$4:$D$66,E$4:E$66) -> #N/A | F92: =_xlfn.XLOOKUP($D92,$D$4:$D$66,F$4:F$66) -> #N/A | G92: =F92-E92 -> #N/A | H92: {=_xlfn.XLOOKUP(1,(#REF!=C92)*(#REF!=$F$1),#REF!)} -> #REF! | I92: {=_xlfn.XLOOKUP(1,(#REF!=C92)*(#REF!=$F$1),#REF!) / _xlfn.XLOOKUP(1,(#REF!=C92)*(#REF!=$F$1),#REF!)} -> #REF! | J92: =_xlfn.XLOOKUP($D92,$D$4:$D$66,H$4:H$66) -> #N/A
C93: =_xlfn.XLOOKUP($D93,$D$4:$D$66,C$4:C$66) -> #N/A | D93: 96K12 | E93: =_xlfn.XLOOKUP($D93,$D$4:$D$66,E$4:E$66) -> #N/A | F93: =_xlfn.XLOOKUP($D93,$D$4:$D$66,F$4:F$66) -> #N/A | G93: =F93-E93 -> #N/A | H93: {=_xlfn.XLOOKUP(1,(#REF!=C93)*(#REF!=$F$1),#REF!)} -> #REF! | I93: {=_xlfn.XLOOKUP(1,(#REF!=C93)*(#REF!=$F$1),#REF!) / _xlfn.XLOOKUP(1,(#REF!=C93)*(#REF!=$F$1),#REF!)} -> #REF! | J93: =_xlfn.XLOOKUP($D93,$D$4:$D$66,H$4:H$66) -> #N/A
C94: =_xlfn.XLOOKUP($D94,$D$4:$D$66,C$4:C$66) -> 0 | D94: Total | E94: =SUM(E83:E93) -> #N/A | F94: =SUM(F83:F93) -> #N/A | G94: =F94-E94 -> #N/A | J94: =SUM(J83:J93) -> #N/A
A95: CLOSED POUCH | B95: BA | C95: =_xlfn.XLOOKUP($D95,$D$4:$D$66,C$4:C$66) -> #N/A | D95: 05HF11 | E95: =_xlfn.XLOOKUP($D95,$D$4:$D$66,E$4:E$66) -> #N/A | F95: =_xlfn.XLOOKUP($D95,$D$4:$D$66,F$4:F$66) -> #N/A | G95: =F95-E95 -> #N/A | H95: {=_xlfn.XLOOKUP(1,(#REF!=C95)*(#REF!=$F$1),#REF!)} -> #REF! | I95: {=_xlfn.XLOOKUP(1,(#REF!=C95)*(#REF!=$F$1),#REF!) / _xlfn.XLOOKUP(1,(#REF!=C95)*(#REF!=$F$1),#REF!)} -> #REF! | J95: =_xlfn.XLOOKUP($D95,$D$4:$D$66,H$4:H$66) -> #N/A
C96: =_xlfn.XLOOKUP($D96,$D$4:$D$66,C$4:C$66) -> #N/A | D96: 05KFL02 | E96: =_xlfn.XLOOKUP($D96,$D$4:$D$66,E$4:E$66) -> #N/A | F96: =_xlfn.XLOOKUP($D96,$D$4:$D$66,F$4:F$66) -> #N/A | G96: =F96-E96 -> #N/A | H96: {=_xlfn.XLOOKUP(1,(#REF!=C96)*(#REF!=$F$1),#REF!)} -> #REF! | I96: {=_xlfn.XLOOKUP(1,(#REF!=C96)*(#REF!=$F$1),#REF!) / _xlfn.XLOOKUP(1,(#REF!=C96)*(#REF!=$F$1),#REF!)} -> #REF! | J96: =_xlfn.XLOOKUP($D96,$D$4:$D$66,H$4:H$66) -> #N/A
B97: KA | C97: =_xlfn.XLOOKUP($D97,$D$4:$D$66,C$4:C$66) -> #N/A | D97: PCH01 | E97: =_xlfn.XLOOKUP($D97,$D$4:$D$66,E$4:E$66) -> #N/A | F97: =_xlfn.XLOOKUP($D97,$D$4:$D$66,F$4:F$66) -> #N/A | G97: =F97-E97 -> #N/A | H97: {=_xlfn.XLOOKUP(1,(#REF!=C97)*(#REF!=$F$1),#REF!)} -> #REF! | I97: {=_xlfn.XLOOKUP(1,(#REF!=C97)*(#REF!=$F$1),#REF!) / _xlfn.XLOOKUP(1,(#REF!=C97)*(#REF!=$F$1),#REF!)} -> #REF! | J97: =_xlfn.XLOOKUP($D97,$D$4:$D$66,H$4:H$66) -> #N/A
C98: =_xlfn.XLOOKUP($D98,$D$4:$D$66,C$4:C$66) -> #N/A | D98: PCH04 | E98: =_xlfn.XLOOKUP($D98,$D$4:$D$66,E$4:E$66) -> #N/A | F98: =_xlfn.XLOOKUP($D98,$D$4:$D$66,F$4:F$66) -> #N/A | G98: =F98-E98 -> #N/A | H98: {=_xlfn.XLOOKUP(1,(#REF!=C98)*(#REF!=$F$1),#REF!)} -> #REF! | I98: {=_xlfn.XLOOKUP(1,(#REF!=C98)*(#REF!=$F$1),#REF!) / _xlfn.XLOOKUP(1,(#REF!=C98)*(#REF!=$F$1),#REF!)} -> #REF! | J98: =_xlfn.XLOOKUP($D98,$D$4:$D$66,H$4:H$66) -> #N/A
C99: =_xlfn.XLOOKUP($D99,$D$4:$D$66,C$4:C$66) -> #N/A | D99: PCH07 | E99: =_xlfn.XLOOKUP($D99,$D$4:$D$66,E$4:E$66) -> #N/A | F99: =_xlfn.XLOOKUP($D99,$D$4:$D$66,F$4:F$66) -> #N/A | G99: =F99-E99 -> #N/A | H99: {=_xlfn.XLOOKUP(1,(#REF!=C99)*(#REF!=$F$1),#REF!)} -> #REF! | I99: {=_xlfn.XLOOKUP(1,(#REF!=C99)*(#REF!=$F$1),#REF!) / _xlfn.XLOOKUP(1,(#REF!=C99)*(#REF!=$F$1),#REF!)} -> #REF! | J99: =_xlfn.XLOOKUP($D99,$D$4:$D$66,H$4:H$66) -> #N/A
B100: SD | C100: =_xlfn.XLOOKUP($D100,$D$4:$D$66,C$4:C$66) -> #N/A | D100: 96K05 | E100: =_xlfn.XLOOKUP($D100,$D$4:$D$66,E$4:E$66) -> #N/A | F100: =_xlfn.XLOOKUP($D100,$D$4:$D$66,F$4:F$66) -> #N/A | G100: =F100-E100 -> #N/A | H100: {=_xlfn.XLOOKUP(1,(#REF!=C100)*(#REF!=$F$1),#REF!)} -> #REF! | I100: {=_xlfn.XLOOKUP(1,(#REF!=C100)*(#REF!=$F$1),#REF!) / _xlfn.XLOOKUP(1,(#REF!=C100)*(#REF!=$F$1),#REF!)} -> #REF! | J100: =_xlfn.XLOOKUP($D100,$D$4:$D$66,H$4:H$66) -> #N/A
C101: =_xlfn.XLOOKUP($D101,$D$4:$D$66,C$4:C$66) -> 0 | D101: Total | E101: =SUM(E95:E100) -> #N/A | F101: =SUM(F95:F100) -> #N/A | G101: =F101-E101 -> #N/A | J101: =SUM(J95:J100) -> #N/A
A102: URO | B102: BA | C102: =_xlfn.XLOOKUP($D102,$D$4:$D$66,C$4:C$66) -> #N/A | D102: 01HU2 | E102: =_xlfn.XLOOKUP($D102,$D$4:$D$66,E$4:E$66) -> #N/A | F102: =_xlfn.XLOOKUP($D102,$D$4:$D$66,F$4:F$66) -> #N/A | G102: =F102-E102 -> #N/A | H102: {=_xlfn.XLOOKUP(1,(#REF!=C102)*(#REF!=$F$1),#REF!)} -> #REF! | I102: {=_xlfn.XLOOKUP(1,(#REF!=C102)*(#REF!=$F$1),#REF!) / _xlfn.XLOOKUP(1,(#REF!=C102)*(#REF!=$F$1),#REF!)} -> #REF! | J102: =_xlfn.XLOOKUP($D102,$D$4:$D$66,H$4:H$66) -> #N/A
C103: HU3 | D103: 01HU3 | E103: =_xlfn.XLOOKUP($D103,$D$4:$D$66,E$4:E$66) -> #N/A | F103: =_xlfn.XLOOKUP($D103,$D$4:$D$66,F$4:F$66) -> #N/A | G103: =F103-E103 -> #N/A | H103: {=_xlfn.XLOOKUP(1,(#REF!=C103)*(#REF!=$F$1),#REF!)} -> #REF! | I103: {=_xlfn.XLOOKUP(1,(#REF!=C103)*(#REF!=$F$1),#REF!) / _xlfn.XLOOKUP(1,(#REF!=C103)*(#REF!=$F$1),#REF!)} -> #REF! | J103: =_xlfn.XLOOKUP($D103,$D$4:$D$66,H$4:H$66) -> #N/A
B104: SD | C104: =_xlfn.XLOOKUP($D104,$D$4:$D$66,C$4:C$66) -> #N/A | D104: 78U01 | E104: =_xlfn.XLOOKUP($D104,$D$4:$D$66,E$4:E$66) -> #N/A | F104: =_xlfn.XLOOKUP($D104,$D$4:$D$66,F$4:F$66) -> #N/A | G104: =F104-E104 -> #N/A | H104: {=_xlfn.XLOOKUP(1,(#REF!=C104)*(#REF!=$F$1),#REF!)} -> #REF! | I104: {=_xlfn.XLOOKUP(1,(#REF!=C104)*(#REF!=$F$1),#REF!) / _xlfn.XLOOKUP(1,(#REF!=C104)*(#REF!=$F$1),#REF!)} -> #REF! | J104: =_xlfn.XLOOKUP($D104,$D$4:$D$66,H$4:H$66) -> #N/A
D105: Total | E105: =SUM(E102:E104) -> #N/A | F105: =SUM(F102:F104) -> #N/A | G105: =F105-E105 -> #N/A | J105: =SUM(J102:J104) -> #N/A
A106: 1PC AC | B106: BA | C106: =_xlfn.XLOOKUP($D106,$D$4:$D$66,C$4:C$66) -> #N/A | D106: 01COINER | E106: =_xlfn.XLOOKUP($D106,$D$4:$D$66,E$4:E$66) -> #N/A | F106: =_xlfn.XLOOKUP($D106,$D$4:$D$66,F$4:F$66) -> #N/A | G106: =F106-E106 -> #N/A | H106: {=_xlfn.XLOOKUP(1,(#REF!=C106)*(#REF!=$F$1),#REF!)} -> #REF! | I106: {=_xlfn.XLOOKUP(1,(#REF!=C106)*(#REF!=$F$1),#REF!) / _xlfn.XLOOKUP(1,(#REF!=C106)*(#REF!=$F$1),#REF!)} -> #REF! | J106: =_xlfn.XLOOKUP($D106,$D$4:$D$66,H$4:H$66) -> #N/A
C107: =_xlfn.XLOOKUP($D107,$D$4:$D$66,C$4:C$66) -> #N/A | D107: 01COIN4 | E107: =_xlfn.XLOOKUP($D107,$D$4:$D$66,E$4:E$66) -> #N/A | F107: =_xlfn.XLOOKUP($D107,$D$4:$D$66,F$4:F$66) -> #N/A | G107: =F107-E107 -> #N/A | H107: {=_xlfn.XLOOKUP(1,(#REF!=C107)*(#REF!=$F$1),#REF!)} -> #REF! | I107: {=_xlfn.XLOOKUP(1,(#REF!=C107)*(#REF!=$F$1),#REF!) / _xlfn.XLOOKUP(1,(#REF!=C107)*(#REF!=$F$1),#REF!)} -> #REF! | J107: =_xlfn.XLOOKUP($D107,$D$4:$D$66,H$4:H$66) -> #N/A
C108: =_xlfn.XLOOKUP($D108,$D$4:$D$66,C$4:C$66) -> #N/A | D108: 01COIN5 | E108: =_xlfn.XLOOKUP($D108,$D$4:$D$66,E$4:E$66) -> #N/A | F108: =_xlfn.XLOOKUP($D108,$D$4:$D$66,F$4:F$66) -> #N/A | G108: =F108-E108 -> #N/A | H108: {=_xlfn.XLOOKUP(1,(#REF!=C108)*(#REF!=$F$1),#REF!)} -> #REF! | I108: {=_xlfn.XLOOKUP(1,(#REF!=C108)*(#REF!=$F$1),#REF!) / _xlfn.XLOOKUP(1,(#REF!=C108)*(#REF!=$F$1),#REF!)} -> #REF! | J108: =_xlfn.XLOOKUP($D108,$D$4:$D$66,H$4:H$66) -> #N/A
C109: =_xlfn.XLOOKUP($D109,$D$4:$D$66,C$4:C$66) -> #N/A | D109: 01COIN6 | E109: =_xlfn.XLOOKUP($D109,$D$4:$D$66,E$4:E$66) -> #N/A | F109: =_xlfn.XLOOKUP($D109,$D$4:$D$66,F$4:F$66) -> #N/A | G109: =F109-E109 -> #N/A | H109: {=_xlfn.XLOOKUP(1,(#REF!=C109)*(#REF!=$F$1),#REF!)} -> #REF! | I109: {=_xlfn.XLOOKUP(1,(#REF!=C109)*(#REF!=$F$1),#REF!) / _xlfn.XLOOKUP(1,(#REF!=C109)*(#REF!=$F$1),#REF!)} -> #REF! | J109: =_xlfn.XLOOKUP($D109,$D$4:$D$66,H$4:H$66) -> #N/A
C110: =_xlfn.XLOOKUP($D110,$D$4:$D$66,C$4:C$66) -> #N/A | D110: 01COIN7 | E110: =_xlfn.XLOOKUP($D110,$D$4:$D$66,E$4:E$66) -> #N/A | F110: =_xlfn.XLOOKUP($D110,$D$4:$D$66,F$4:F$66) -> #N/A | G110: =F110-E110 -> #N/A | H110: {=_xlfn.XLOOKUP(1,(#REF!=C110)*(#REF!=$F$1),#REF!)} -> #REF! | I110: {=_xlfn.XLOOKUP(1,(#REF!=C110)*(#REF!=$F$1),#REF!) / _xlfn.XLOOKUP(1,(#REF!=C110)*(#REF!=$F$1),#REF!)} -> #REF! | J110: =_xlfn.XLOOKUP($D110,$D$4:$D$66,H$4:H$66) -> #N/A
C111: =_xlfn.XLOOKUP($D111,$D$4:$D$66,C$4:C$66) -> #N/A | D111: 01COIN8 | E111: =_xlfn.XLOOKUP($D111,$D$4:$D$66,E$4:E$66) -> #N/A | F111: =_xlfn.XLOOKUP($D111,$D$4:$D$66,F$4:F$66) -> #N/A | G111: =F111-E111 -> #N/A | H111: {=_xlfn.XLOOKUP(1,(#REF!=C111)*(#REF!=$F$1),#REF!)} -> #REF! | I111: {=_xlfn.XLOOKUP(1,(#REF!=C111)*(#REF!=$F$1),#REF!) / _xlfn.XLOOKUP(1,(#REF!=C111)*(#REF!=$F$1),#REF!)} -> #REF! | J111: =_xlfn.XLOOKUP($D111,$D$4:$D$66,H$4:H$66) -> #N/A
B112: SD | C112: =_xlfn.XLOOKUP($D112,$D$4:$D$66,C$4:C$66) -> #N/A | D112: 83AC1 | E112: =_xlfn.XLOOKUP($D112,$D$4:$D$66,E$4:E$66) -> #N/A | F112: =_xlfn.XLOOKUP($D112,$D$4:$D$66,F$4:F$66) -> #N/A | G112: =F112-E112 -> #N/A | H112: {=_xlfn.XLOOKUP(1,(#REF!=C112)*(#REF!=$F$1),#REF!)} -> #REF! | I112: {=_xlfn.XLOOKUP(1,(#REF!=C112)*(#REF!=$F$1),#REF!) / _xlfn.XLOOKUP(1,(#REF!=C112)*(#REF!=$F$1),#REF!)} -> #REF! | J112: =_xlfn.XLOOKUP($D112,$D$4:$D$66,H$4:H$66) -> #N/A
C113: =_xlfn.XLOOKUP($D113,$D$4:$D$66,C$4:C$66) -> #N/A | D113: 83AC2 | E113: =_xlfn.XLOOKUP($D113,$D$4:$D$66,E$4:E$66) -> #N/A | F113: =_xlfn.XLOOKUP($D113,$D$4:$D$66,F$4:F$66) -> #N/A | G113: =F113-E113 -> #N/A | H113: {=_xlfn.XLOOKUP(1,(#REF!=C113)*(#REF!=$F$1),#REF!)} -> #REF! | I113: {=_xlfn.XLOOKUP(1,(#REF!=C113)*(#REF!=$F$1),#REF!) / _xlfn.XLOOKUP(1,(#REF!=C113)*(#REF!=$F$1),#REF!)} -> #REF! | J113: =_xlfn.XLOOKUP($D113,$D$4:$D$66,H$4:H$66) -> #N/A
C114: =_xlfn.XLOOKUP($D114,$D$4:$D$66,C$4:C$66) -> #N/A | D114: 751AC9 | E114: =_xlfn.XLOOKUP($D114,$D$4:$D$66,E$4:E$66) -> #N/A | F114: =_xlfn.XLOOKUP($D114,$D$4:$D$66,F$4:F$66) -> #N/A | G114: =F114-E114 -> #N/A | H114: {=_xlfn.XLOOKUP(1,(#REF!=C114)*(#REF!=$F$1),#REF!)} -> #REF! | I114: {=_xlfn.XLOOKUP(1,(#REF!=C114)*(#REF!=$F$1),#REF!) / _xlfn.XLOOKUP(1,(#REF!=C114)*(#REF!=$F$1),#REF!)} -> #REF! | J114: =_xlfn.XLOOKUP($D114,$D$4:$D$66,H$4:H$66) -> #N/A
C115: =_xlfn.XLOOKUP($D115,$D$4:$D$66,C$4:C$66) -> 0 | D115: Total | E115: =SUM(E106:E114) -> #N/A | F115: =SUM(F106:F114) -> #N/A | G115: =F115-E115 -> #N/A | J115: =SUM(J106:J114) -> #N/A
J116: Platform | K116: YTD Actual Output | L116: YTD Target Output | M116: Output Below or Equal to Target | N116: Target Not Met | O116: Output Overachieved | P116: Stated Capacity
J117: Drainable Pouch | K117: =F94 -> #N/A | L117: =E94 -> #N/A | M117: =IF(K117<=L117, K117, L117) -> #N/A | N117: =MAX(L117-M117, 0) -> #N/A | O117: =MAX(K117-M117, 0) -> #N/A | P117: =J94 -> #N/A
...

Sheet Pouch Output
A33: Row Labels | B33: Output | C33: Target Output
A34: BA | B34: 71846564 | C34: 53937000
A35: 2024 | B35: 29326566 | C35: 28400000
A36: Qtr1 | B36: 7586666 | C36: 7640419.2
A37: Jan | B37: 2648074 | C37: 2576946.1
A38: 45292 | B38: 2648074 | C38: 2576946.1
A39: Kiefel 14 | B39: 947164 | C39: 918373.58
A40: Kiefel 3 | B40: 1008960 | C40: 754505.11
A41: Kiefel 9 | B41: 691950 | C41: 904067.41
A42: Feb | B42: 2295185 | C42: 2441317.4
A43: 45323 | B43: 2295185 | C43: 2441317.4
A44: Kiefel 14 | B44: 779755 | C44: 870038.13
A45: Kiefel 3 | B45: 745990 | C45: 714794.31
A46: Kiefel 9 | B46: 769440 | C46: 856484.92
A47: Mar | B47: 2643407 | C47: 2622155.7
A48: 45352 | B48: 2643407 | C48: 2622155.7
A49: Kiefel 14 | B49: 899697 | C49: 934485.4
A50: Kiefel 3 | B50: 936350 | C50: 767742.04
A51: Kiefel 9 | B51: 807360 | C51: 919928.25
A52: Qtr2 | B52: 7516612 | C52: 7685628.7
A53: Apr | B53: 2586573 | C53: 2531736.5
A54: 45383 | B54: 2586573 | C54: 2531736.5
A55: Kiefel 14 | B55: 889773 | C55: 902261.76
A56: Kiefel 3 | B56: 913200 | C56: 741268.18
A57: Kiefel 9 | B57: 783600 | C57: 888206.58
A58: May | B58: 2392094 | C58: 2622155.7
A59: 45413 | B59: 2392094 | C59: 2622155.7
A60: Kiefel 14 | B60: 797914 | C60: 934485.4
A61: Kiefel 3 | B61: 744540 | C61: 767742.04
A62: Kiefel 9 | B62: 849640 | C62: 919928.25
A63: Jun | B63: 2537945 | C63: 2531736.5
A64: 45444 | B64: 2537945 | C64: 2531736.5
A65: Kiefel 14 | B65: 830585 | C65: 902261.76
A66: Kiefel 3 | B66: 860280 | C66: 741268.18
A67: Kiefel 9 | B67: 847080 | C67: 888206.58
A68: Qtr3 | B68: 7090762 | C68: 6965628.7
A69: Jul | B69: 2660759 | C69: 2367574.8
A70: 45474 | B70: 2660759 | C70: 2367574.8
A71: Kiefel 14 | B71: 834679 | C71: 621709.03
A72: Kiefel 3 | B72: 904840 | C72: 794215.9
A73: Kiefel 9 | B73: 921240 | C73: 951649.91
A74: Aug | B74: 1837610 | C74: 2005898.2
A75: 45505 | B75: 1837610 | C75: 2005898.2
A76: Kiefel 14 | B76: 688090 | C76: 492814.49
A77: Kiefel 3 | B77: 583480 | C77: 688320.45
A78: Kiefel 9 | B78: 566040 | C78: 824763.26
A79: Sep | B79: 2592393 | C79: 2592155.7
A80: 45536 | B80: 2592393 | C80: 2592155.7
A81: Kiefel 14 | B81: 872703 | C81: 904485.4
A82: Kiefel 3 | B82: 844130 | C82: 767742.04
A83: Kiefel 9 | B83: 875560 | C83: 919928.25
A84: Qtr4 | B84: 7132526 | C84: 6108323.3
A85: Oct | B85: 2644055 | C85: 2232155.7
A86: 45566 | B86: 2644055 | C86: 2232155.7
A87: Kiefel 14 | B87: 916375 | C87: 934485.4
A88: Kiefel 3 | B88: 826960 | C88: 377742.04
A89: Kiefel 9 | B89: 900720 | C89: 919928.25
A90: Nov | B90: 2748771 | C90: 2232155.7
A91: 45597 | B91: 2748771 | C91: 2232155.7
A92: Kiefel 14 | B92: 992701 | C92: 934485.4
A93: Kiefel 3 | B93: 861110 | C93: 377742.04
A94: Kiefel 9 | B94: 894960 | C94: 919928.25
A95: Dec | B95: 1739700 | C95: 1644012
A96: 45627 | B96: 1739700 | C96: 1644012
A97: Kiefel 14 | B97: 563860 | C97: 692808.14
A98: Kiefel 3 | B98: 554480 | C98: 569188.07
A99: Kiefel 9 | B99: 621360 | C99: 382015.77
A100: 2025 | B100: 27468389 | C100: 25537000
A101: Qtr1 | B101: 7200650 | C101: 6449311.6
A102: Jan | B102: 2382700 | C102: 2178465.4
A103: 45658 | B103: 2382700 | C103: 2178465.4
A104: Kiefel 14 | B104: 789620 | C104: 618683.21
A105: Kiefel 3 | B105: 758520 | C105: 814123.79
A106: Kiefel 9 | B106: 834560 | C106: 745658.43
A107: Feb | B107: 2297546 | C107: 2069425
A108: 45689 | B108: 2297546 | C108: 2069425
A109: Kiefel 14 | B109: 727676 | C109: 635703.21
A110: Kiefel 3 | B110: 746880 | C110: 705103.37
A111: Kiefel 9 | B111: 822990 | C111: 728618.43
A112: Mar | B112: 2520404 | C112: 2201421.1
A113: 45717 | B113: 2520404 | C113: 2201421.1
A114: Kiefel 14 | B114: 833404 | C114: 662949.14
A115: Kiefel 3 | B115: 834040 | C115: 878733.58
A116: Kiefel 9 | B116: 852960 | C116: 659738.43
A117: Qtr2 | B117: 7455415 | C117: 6614956.8
A118: Apr | B118: 2500580 | C118: 2297662.7
A119: 45748 | B119: 2500580 | C119: 2297662.7
A120: Kiefel 14 | B120: 844940 | C120: 682647.29
A121: Kiefel 3 | B121: 747360 | C121: 762973.58
A122: Kiefel 9 | B122: 908280 | C122: 852041.85
A123: May | B123: 2554202 | C123: 2206220.4
A124: 45778 | B124: 2554202 | C124: 2206220.4
A125: Kiefel 14 | B125: 933982 | C125: 636809.96
A126: Kiefel 3 | B126: 738220 | C126: 877575.44
A127: Kiefel 9 | B127: 882000 | C127: 691835.01
A128: Jun | B128: 2400633 | C128: 2111073.6
A129: 45809 | B129: 2400633 | C129: 2111073.6
A130: Kiefel 14 | B130: 866703 | C130: 630163.47
A131: Kiefel 3 | B131: 637050 | C131: 806291.72
A132: Kiefel 9 | B132: 896880 | C132: 674618.43
...

Sheet 12 mo trend
A3: Row Labels | B3: OEE % | C3: TEEP % | D3: Target OEE | E3: Technical OEE % | F3: Output | G3: Target Output
A4: 1Pc Autocoiner 1 (789) | B4: 0.5597213 | C4: 0.56144581 | D4: 0.71599504 | E4: 0.59485211 | F4: 3387920 | G4: 1018206.6
A5: 2025 | B5: 0.64464906 | C5: 0.65064764 | D5: 0.71599504 | E5: 0.66592931 | F5: 2016200 | G5: 1018206.6
A6: 2026 | B6: 0.47270516 | C6: 0.47126374 | D6: 0.71599504 | E6: 0.51765118 | F6: 1371720
A7: 46023 | B7: 0.45016211 | C7: 0.40962366 | D7: 0.71599504 | E7: 0.59562429 | F7: 220320
A8: 46054 | B8: 0.67069922 | C8: 0.61846264 | D8: 0.71599504 | E8: 0.68629119 | F8: 319200
A9: 46082 | B9: 0.47309797 | C9: 0.47557796 | D9: 0.71599504 | E9: 0.53565256 | F9: 239280
A10: 46113 | B10: 0.26166285 | C10: 0.26709722 | D10: 0.71599504 | E10: 0.26834074 | F10: 134280
A11: 46174 | B11: 0.50124217 | C11: 0.56325 | D11: 0.71599504 | E11: 0.51208941 | F11: 251880
A12: 46143 | B12: 0.4956017 | C12: 0.49944892 | D12: 0.71599504 | E12: 0.54406306 | F12: 206760
A13: 1Pc Autocoiner 2 (844) | B13: 0.56030178 | C13: 0.59754326 | D13: 0.72165156 | E13: 0.5908003 | F13: 3467880 | G13: 1145423
A14: 2025 | B14: 0.58618498 | C14: 0.6258356 | D14: 0.72165156 | E14: 0.62273505 | F14: 1868280 | G14: 1145423
A15: 2026 | B15: 0.53343354 | C15: 0.56894002 | D15: 0.72165156 | E15: 0.55815004 | F15: 1599600
A16: 46023 | B16: 0.54443528 | C16: 0.59610215 | D16: 0.72165156 | E16: 0.57774422 | F16: 271440
A17: 46054 | B17: 0.42686847 | C17: 0.40232759 | D17: 0.72165156 | E17: 0.47440628 | F17: 185760
A18: 46082 | B18: 0.57344521 | C18: 0.63114247 | D18: 0.72165156 | E18: 0.60687422 | F18: 306480
A19: 46113 | B19: 0.57401256 | C19: 0.64501389 | D19: 0.72165156 | E19: 0.58486085 | F19: 308880
A20: 46174 | B20: 0.51284135 | C20: 0.54402778 | D20: 0.72165156 | E20: 0.52602856 | F20: 252960
A21: 46143 | B21: 0.54598163 | C21: 0.58592742 | D21: 0.72165156 | E21: 0.55619198 | F21: 274080
A22: 1pc Autocoiner 9 (34753) | B22: 0.52080955 | C22: 0.56366462 | D22: 0.72165151 | E22: 0.59126263 | F22: 4044120 | G22: 1766251.4
A23: 2025 | B23: 0.58418572 | C23: 0.62251359 | D23: 0.72165151 | E23: 0.63610488 | F23: 2225880 | G23: 1766251.4
A24: 2026 | B24: 0.45751508 | C24: 0.50416896 | D24: 0.72165151 | E24: 0.54249417 | F24: 1818240
A25: 46023 | B25: 0.44560647 | C25: 0.48860215 | D25: 0.72165151 | E25: 0.58898766 | F25: 287040
A26: 46054 | B26: 0.53863368 | C26: 0.57527299 | D26: 0.72165151 | E26: 0.57341847 | F26: 329640
A27: 46082 | B27: 0.44132467 | C27: 0.48883065 | D27: 0.72165151 | E27: 0.53591178 | F27: 303840
A28: 46113 | B28: 0.41306439 | C28: 0.45515278 | D28: 0.72165151 | E28: 0.50159966 | F28: 255120
A29: 46174 | B29: 0.47670388 | C29: 0.52845833 | D29: 0.72165151 | E29: 0.55598277 | F29: 305040
A30: 46143 | B30: 0.43682856 | C30: 0.49248656 | D30: 0.72165151 | E30: 0.50245889 | F30: 337560
A31: 1PCAC10 | B31: 0.5800626 | C31: 0.5694046 | D31: 0.65534965 | E31: 0.6902687 | F31: 4087560 | G31: 1410841.8
A32: 2025 | B32: 0.49412615 | C32: 0.42299592 | D32: 0.65534965 | E32: 0.65734501 | F32: 1541640 | G32: 1410841.8
A33: 2026 | B33: 0.64781653 | C33: 0.71742216 | D33: 0.65534965 | E33: 0.71170542 | F33: 2545920
A34: 46023 | B34: 0.57789939 | C34: 0.64931452 | D34: 0.65534965 | E34: 0.67868561 | F34: 386880
A35: 46054 | B35: 0.64101172 | C35: 0.71079023 | D35: 0.65534965 | E35: 0.69152294 | F35: 403680
A36: 46082 | B36: 0.64432323 | C36: 0.72444892 | D36: 0.65534965 | E36: 0.69264017 | F36: 438360
A37: 46113 | B37: 0.68929228 | C37: 0.752125 | D37: 0.65534965 | E37: 0.73999192 | F37: 439560
A38: 46174 | B38: 0.60227467 | C38: 0.66940278 | D38: 0.65534965 | E38: 0.69506719 | F38: 380880
A39: 46143 | B39: 0.72967637 | C39: 0.79759409 | D39: 0.65534965 | E39: 0.76443823 | F39: 496560
A40: 2Pc Autocoiner 3 (796) | B40: 0.60571915 | C40: 0.70242828 | D40: 0.72580683 | E40: 0.68360721 | F40: 3535749 | G40: 1405881.7
A41: 2025 | B41: 0.67967811 | C41: 0.71306159 | D41: 0.72580683 | E41: 0.77726682 | F41: 1787249 | G41: 1405881.7
A42: 2026 | B42: 0.53135433 | C42: 0.69167811 | D42: 0.72580683 | E42: 0.59187753 | F42: 1748500
A43: 46023 | B43: 0.55449876 | C43: 0.61395161 | D43: 0.72580683 | E43: 0.65237547 | F43: 239057
A44: 46054 | B44: 0.60071129 | C44: 0.67341954 | D44: 0.72580683 | E44: 0.67273818 | F44: 248324
A45: 46082 | B45: 0.73248502 | C45: 0.73266129 | D45: 0.72580683 | E45: 0.82069153 | F45: 328074
A46: 46113 | B46: 0.66267963 | C46: 0.64748611 | D46: 0.72580683 | E46: 0.71576176 | F46: 286223
A47: 46174 | B47: 0.74496542 | C47: 0.75845833 | D47: 0.72580683 | E47: 0.82011804 | F47: 325356
A48: 46143 | B48: -0.094637654 | C48: 0.72364247 | D48: 0.72580683 | E48: -0.10312185 | F48: 321466
A49: 2Pc Autocoiner 4 (843) | B49: 0.57446299 | C49: 0.68810565 | D49: 0.75145735 | E49: 0.63286903 | F49: 3302606 | G49: 1477165.6
A50: 2025 | B50: 0.57463008 | C50: 0.69535553 | D50: 0.75145735 | E50: 0.63181123 | F50: 1654875 | G50: 1477165.6
A51: 2026 | B51: 0.5742968 | C51: 0.6807761 | D51: 0.75145735 | E51: 0.63392534 | F51: 1647731
A52: 46023 | B52: 0.61247231 | C52: 0.7205914 | D52: 0.75145735 | E52: 0.69746983 | F52: 296256
A53: 46054 | B53: 0.65841495 | C53: 0.76058908 | D53: 0.75145735 | E53: 0.69074634 | F53: 303505
A54: 46082 | B54: 0.62442204 | C54: 0.74740591 | D54: 0.75145735 | E54: 0.66202582 | F54: 313540
A55: 46113 | B55: 0.36935791 | C55: 0.47065278 | D55: 0.75145735 | E55: 0.4205134 | F55: 176835
A56: 46174 | B56: 0.69102546 | C56: 0.79886111 | D56: 0.75145735 | E56: 0.72525282 | F56: 322215
A57: 46143 | B57: 0.49390202 | C57: 0.58873656 | D57: 0.75145735 | E57: 0.59194681 | F57: 235380
A58: 2Pc Autocoiner 5 (858) | B58: 0.61607493 | C58: 0.73727345 | D58: 0.76370503 | E58: 0.67015269 | F58: 3587829 | G58: 1773674.7
A59: 2025 | B59: 0.64036976 | C59: 0.7361798 | D59: 0.76370503 | E59: 0.69071281 | F59: 1818457 | G59: 1773674.7
A60: 2026 | B60: 0.5920099 | C60: 0.73837912 | D60: 0.76370503 | E60: 0.64943977 | F60: 1769372
A61: 46023 | B61: 0.56044519 | C61: 0.73016129 | D61: 0.76370503 | E61: 0.62712401 | F61: 277096
A62: 46054 | B62: 0.66365369 | C62: 0.76149425 | D62: 0.76370503 | E62: 0.71486775 | F62: 309231
A63: 46082 | B63: 0.63479189 | C63: 0.77400538 | D63: 0.76370503 | E63: 0.67854408 | F63: 314665
A64: 46113 | B64: 0.52228379 | C64: 0.664 | D64: 0.76370503 | E64: 0.5944203 | F64: 261012
A65: 46174 | B65: 0.58450626 | C65: 0.74356944 | D65: 0.76370503 | E65: 0.63291215 | F65: 294650
A66: 46143 | B66: 0.59101722 | C66: 0.75630376 | D66: 0.76370503 | E66: 0.64892259 | F66: 312718
A67: 2Pc Autocoiner 7 (996) | B67: 0.63795875 | C67: 0.70072177 | D67: 0.74875105 | E67: 0.739103 | F67: 3526941 | G67: 799746.86
A68: 2025 | B68: 0.65087902 | C68: 0.70153306 | D68: 0.74875105 | E68: 0.75752987 | F68: 1809233 | G68: 799746.86
A69: 2026 | B69: 0.625 | C69: 0.69990156 | D69: 0.74875105 | E69: 0.72078948 | F69: 1717708
A70: 46023 | B70: 0.50797906 | C70: 0.55219086 | D70: 0.74875105 | E70: 0.57208327 | F70: 226318
A71: 46054 | B71: 0.6399641 | C71: 0.69142241 | D71: 0.74875105 | E71: 0.74134137 | F71: 283783
A72: 46082 | B72: 0.69108654 | C72: 0.76883065 | D72: 0.74875105 | E72: 0.75383401 | F72: 327420
A73: 46113 | B73: 0.53825018 | C73: 0.63659722 | D73: 0.74875105 | E73: 0.74620055 | F73: 249389
A74: 46174 | B74: 0.75129432 | C74: 0.8415 | D74: 0.74875105 | E74: 0.78617114 | F74: 341795
A75: 46143 | B75: 0.62168519 | C75: 0.71084677 | D75: 0.74875105 | E75: 0.72565539 | F75: 289003
A76: 2PCAC06 | B76: 0.49160132 | C76: 0.36921334 | D76: 0 | E76: 0.65603369 | F76: 0 | G76: 0
A77: 2025 | B77: 0.56069137 | C77: 0.36868433 | D77: 0 | E77: 0.77043776 | F77: 0 | G77: 0
A78: 2026 | B78: 0.42551758 | C78: 0.36974817 | D78: 0 | E78: 0.55261239 | F78: 0
A79: 46023 | B79: 0.55271982 | C79: 0.37639785 | D79: 0 | E79: 0.69504498 | F79: 0
A80: 46054 | B80: 0.44879911 | C80: 0.37346264 | D80: 0 | E80: 0.58330009 | F80: 0
A81: 46082 | B81: 0.47510147 | C81: 0.3209543 | D81: 0 | E81: 0.57136482 | F81: 0
A82: 46113 | B82: 0.38114655 | C82: 0.32970833 | D82: 0 | E82: 0.45555902 | F82: 0
A83: 46174 | B83: 0.43080853 | C83: 0.46543056 | D83: 0 | E83: 0.60994037 | F83: 0
A84: 46143 | B84: 0.31836867 | C84: 0.35456989 | D84: 0 | E84: 0.44035052 | F84: 0
A85: AC08 | B85: 0.5822623 | C85: 0.54301913 | D85: 0.83060387 | E85: 0.76789288 | F85: 2939131 | G85: 492950.39
A86: 2025 | B86: 0.65126842 | C86: 0.54748415 | D86: 0.83060387 | E86: 0.77328239 | F86: 1508455 | G86: 492950.39
A87: 2026 | B87: 0.52598739 | C87: 0.53850504 | D87: 0.83060387 | E87: 0.76252655 | F87: 1430676
A88: 46023 | B88: 0.26572485 | C88: 0.25534946 | D88: 0.83060387 | E88: 0.75640054 | F88: 116384
A89: 46054 | B89: 0.0054195563 | C89: 0.0061637931 | D89: 0.83060387 | E89: 0.074058577 | F89: 1400
A90: 46082 | B90: 0.73266516 | C90: 0.77790323 | D90: 0.83060387 | E90: 0.75287647 | F90: 346325
A91: 46113 | B91: 0.76205732 | C91: 0.77083333 | D91: 0.83060387 | E91: 0.8202765 | F91: 343677
A92: 46174 | B92: 0.74969743 | C92: 0.79051389 | D92: 0.83060387 | E92: 0.84490333 | F92: 348340
A93: 46143 | B93: 0.58597216 | C93: 0.6115457 | D93: 0.83060387 | E93: 0.68584884 | F93: 274550
A94: AC09 | B94: 0.67112668 | C94: 0.52050091 | D94: 0.80682834 | E94: 0.72181852 | F94: 2730317 | G94: 1501213.6
A95: 2025 | B95: 0.65056643 | C95: 0.34861866 | D95: 0.80682834 | E95: 0.71055432 | F95: 976007 | G95: 1501213.6
A96: 2026 | B96: 0.68247411 | C96: 0.69427198 | D96: 0.80682834 | E96: 0.72788929 | F96: 1754310
A97: 46023 | B97: 0.52945803 | C97: 0.50909946 | D97: 0.80682834 | E97: 0.73769732 | F97: 217043
A98: 46054 | B98: 0.69744517 | C98: 0.76086207 | D98: 0.80682834 | E98: 0.71027062 | F98: 302335
A99: 46082 | B99: 0.70492095 | C99: 0.76282258 | D99: 0.80682834 | E99: 0.72258643 | F99: 330821
A100: 46113 | B100: 0.59554227 | C100: 0.62106944 | D100: 0.80682834 | E100: 0.60748614 | F100: 247963
A101: 46174 | B101: 0.76531169 | C101: 0.67138889 | D101: 0.80682834 | E101: 0.77878993 | F101: 282808
A102: 46143 | B102: 0.79721994 | C102: 0.84158602 | D102: 0.80682834 | E102: 0.8106644 | F102: 373340
...

Sheet Dr Pouch Output
A33: Row Labels | B33: Output | C33: Target Output
A34: BA | B34: 71846564 | C34: 53937000
A35: 2024 | B35: 29326566 | C35: 28400000
A36: Qtr1 | B36: 7586666 | C36: 7640419.2
A37: Jan | B37: 2648074 | C37: 2576946.1
A38: 45292 | B38: 2648074 | C38: 2576946.1
A39: Kiefel 14 | B39: 947164 | C39: 918373.58
A40: Kiefel 3 | B40: 1008960 | C40: 754505.11
A41: Kiefel 9 | B41: 691950 | C41: 904067.41
A42: Feb | B42: 2295185 | C42: 2441317.4
A43: 45323 | B43: 2295185 | C43: 2441317.4
A44: Kiefel 14 | B44: 779755 | C44: 870038.13
A45: Kiefel 3 | B45: 745990 | C45: 714794.31
A46: Kiefel 9 | B46: 769440 | C46: 856484.92
A47: Mar | B47: 2643407 | C47: 2622155.7
A48: 45352 | B48: 2643407 | C48: 2622155.7
A49: Kiefel 14 | B49: 899697 | C49: 934485.4
A50: Kiefel 3 | B50: 936350 | C50: 767742.04
A51: Kiefel 9 | B51: 807360 | C51: 919928.25
A52: Qtr2 | B52: 7516612 | C52: 7685628.7
A53: Apr | B53: 2586573 | C53: 2531736.5
A54: 45383 | B54: 2586573 | C54: 2531736.5
A55: Kiefel 14 | B55: 889773 | C55: 902261.76
A56: Kiefel 3 | B56: 913200 | C56: 741268.18
A57: Kiefel 9 | B57: 783600 | C57: 888206.58
A58: May | B58: 2392094 | C58: 2622155.7
A59: 45413 | B59: 2392094 | C59: 2622155.7
A60: Kiefel 14 | B60: 797914 | C60: 934485.4
A61: Kiefel 3 | B61: 744540 | C61: 767742.04
A62: Kiefel 9 | B62: 849640 | C62: 919928.25
A63: Jun | B63: 2537945 | C63: 2531736.5
A64: 45444 | B64: 2537945 | C64: 2531736.5
A65: Kiefel 14 | B65: 830585 | C65: 902261.76
A66: Kiefel 3 | B66: 860280 | C66: 741268.18
A67: Kiefel 9 | B67: 847080 | C67: 888206.58
A68: Qtr3 | B68: 7090762 | C68: 6965628.7
A69: Jul | B69: 2660759 | C69: 2367574.8
A70: 45474 | B70: 2660759 | C70: 2367574.8
A71: Kiefel 14 | B71: 834679 | C71: 621709.03
A72: Kiefel 3 | B72: 904840 | C72: 794215.9
A73: Kiefel 9 | B73: 921240 | C73: 951649.91
A74: Aug | B74: 1837610 | C74: 2005898.2
A75: 45505 | B75: 1837610 | C75: 2005898.2
A76: Kiefel 14 | B76: 688090 | C76: 492814.49
A77: Kiefel 3 | B77: 583480 | C77: 688320.45
A78: Kiefel 9 | B78: 566040 | C78: 824763.26
A79: Sep | B79: 2592393 | C79: 2592155.7
A80: 45536 | B80: 2592393 | C80: 2592155.7
A81: Kiefel 14 | B81: 872703 | C81: 904485.4
A82: Kiefel 3 | B82: 844130 | C82: 767742.04
A83: Kiefel 9 | B83: 875560 | C83: 919928.25
A84: Qtr4 | B84: 7132526 | C84: 6108323.3
A85: Oct | B85: 2644055 | C85: 2232155.7
A86: 45566 | B86: 2644055 | C86: 2232155.7
A87: Kiefel 14 | B87: 916375 | C87: 934485.4
A88: Kiefel 3 | B88: 826960 | C88: 377742.04
A89: Kiefel 9 | B89: 900720 | C89: 919928.25
A90: Nov | B90: 2748771 | C90: 2232155.7
A91: 45597 | B91: 2748771 | C91: 2232155.7
A92: Kiefel 14 | B92: 992701 | C92: 934485.4
A93: Kiefel 3 | B93: 861110 | C93: 377742.04
A94: Kiefel 9 | B94: 894960 | C94: 919928.25
A95: Dec | B95: 1739700 | C95: 1644012
A96: 45627 | B96: 1739700 | C96: 1644012
A97: Kiefel 14 | B97: 563860 | C97: 692808.14
A98: Kiefel 3 | B98: 554480 | C98: 569188.07
A99: Kiefel 9 | B99: 621360 | C99: 382015.77
A100: 2025 | B100: 27468389 | C100: 25537000
A101: Qtr1 | B101: 7200650 | C101: 6449311.6
A102: Jan | B102: 2382700 | C102: 2178465.4
A103: 45658 | B103: 2382700 | C103: 2178465.4
A104: Kiefel 14 | B104: 789620 | C104: 618683.21
A105: Kiefel 3 | B105: 758520 | C105: 814123.79
A106: Kiefel 9 | B106: 834560 | C106: 745658.43
A107: Feb | B107: 2297546 | C107: 2069425
A108: 45689 | B108: 2297546 | C108: 2069425
A109: Kiefel 14 | B109: 727676 | C109: 635703.21
A110: Kiefel 3 | B110: 746880 | C110: 705103.37
A111: Kiefel 9 | B111: 822990 | C111: 728618.43
A112: Mar | B112: 2520404 | C112: 2201421.1
A113: 45717 | B113: 2520404 | C113: 2201421.1
A114: Kiefel 14 | B114: 833404 | C114: 662949.14
A115: Kiefel 3 | B115: 834040 | C115: 878733.58
A116: Kiefel 9 | B116: 852960 | C116: 659738.43
A117: Qtr2 | B117: 7455415 | C117: 6614956.8
A118: Apr | B118: 2500580 | C118: 2297662.7
A119: 45748 | B119: 2500580 | C119: 2297662.7
A120: Kiefel 14 | B120: 844940 | C120: 682647.29
A121: Kiefel 3 | B121: 747360 | C121: 762973.58
A122: Kiefel 9 | B122: 908280 | C122: 852041.85
A123: May | B123: 2554202 | C123: 2206220.4
A124: 45778 | B124: 2554202 | C124: 2206220.4
A125: Kiefel 14 | B125: 933982 | C125: 636809.96
A126: Kiefel 3 | B126: 738220 | C126: 877575.44
A127: Kiefel 9 | B127: 882000 | C127: 691835.01
A128: Jun | B128: 2400633 | C128: 2111073.6
A129: 45809 | B129: 2400633 | C129: 2111073.6
A130: Kiefel 14 | B130: 866703 | C130: 630163.47
A131: Kiefel 3 | B131: 637050 | C131: 806291.72
A132: Kiefel 9 | B132: 896880 | C132: 674618.43
...

Sheet Cl Pouch Output
A33: Row Labels | B33: Output | C33: Target Output
A34: BA | B34: 5856272 | C34: 5146442.2
A35: 2024 | B35: 3987310 | C35: 3903162.9
A36: Qtr1 | B36: 1448791 | C36: 1890343.6
A37: Jan | B37: 580646 | C37: 660851.83
A38: 45292 | B38: 580646 | C38: 660851.83
A39: Kiefel 2 | B39: 580646 | C39: 660851.83
A40: Feb | B40: 502560 | C40: 614745.89
A41: 45323 | B41: 502560 | C41: 614745.89
A42: Kiefel 2 | B42: 502560 | C42: 614745.89
A43: Mar | B43: 365585 | C43: 614745.89
A44: 45352 | B44: 365585 | C44: 614745.89
A45: Kiefel 2 | B45: 365585 | C45: 614745.89
A46: Qtr2 | B46: 1602131 | C46: 1432985
A47: Apr | B47: 202091 | C47: 645483.19
A48: 45383 | B48: 202091 | C48: 645483.19
A49: Kiefel 2 | B49: 202091 | C49: 645483.19
A50: May | B50: 734400 | C50: 676220.48
A51: 45413 | B51: 734400 | C51: 676220.48
A52: Kiefel 2 | B52: 734400 | C52: 676220.48
A53: Jun | B53: 665640 | C53: 111281.32
A54: 45444 | B54: 665640 | C54: 111281.32
A55: Kiefel 2 | B55: 665640 | C55: 111281.32
A56: Qtr3 | B56: 702933 | C56: 327987.06
A57: Jul | B57: 495000 | C57: 117138.24
A58: 45474 | B58: 495000 | C58: 117138.24
A59: Kiefel 2 | B59: 495000 | C59: 117138.24
A60: Aug | B60: 103320 | C60: 87853.676
A61: 45505 | B61: 103320 | C61: 87853.676
A62: Kiefel 2 | B62: 103320 | C62: 87853.676
A63: Sep | B63: 104613 | C63: 122995.15
A64: 45536 | B64: 104613 | C64: 122995.15
A65: Kiefel 2 | B65: 104613 | C65: 122995.15
A66: Qtr4 | B66: 233455 | C66: 251847.21
A67: Oct | B67: 178180 | C67: 128852.06
A68: 45566 | B68: 178180 | C68: 128852.06
A69: Kiefel 2 | B69: 178180 | C69: 128852.06
A70: Nov | B70: 55275 | C70: 122995.15
A71: 45597 | B71: 55275 | C71: 122995.15
A72: Kiefel 2 | B72: 55275 | C72: 122995.15
A73: 2025 | B73: 1214866 | C73: 1243279.3
A74: Qtr1 | B74: 247605 | C74: 315819.83
A75: Jan | B75: 48191 | C75: 101939.94
A76: 45658 | B76: 48191 | C76: 101939.94
A77: Kiefel 2 | B77: 48191 | C77: 101939.94
A78: Feb | B78: 0 | C78: 101939.94
A79: 45689 | B79: 0 | C79: 101939.94
A80: Kiefel 2 | B80: 0 | C80: 101939.94
A81: Mar | B81: 199414 | C81: 111939.94
A82: 45717 | B82: 199414 | C82: 111939.94
A83: Kiefel 2 | B83: 199414 | C83: 111939.94
A84: Qtr2 | B84: 323554 | C84: 305819.83
A85: Apr | B85: 188925 | C85: 101939.94
A86: 45748 | B86: 188925 | C86: 101939.94
A87: Kiefel 2 | B87: 188925 | C87: 101939.94
A88: May | B88: 55164 | C88: 101939.94
A89: 45778 | B89: 55164 | C89: 101939.94
A90: Kiefel 2 | B90: 55164 | C90: 101939.94
A91: Jun | B91: 79465 | C91: 101939.94
A92: 45809 | B92: 79465 | C92: 101939.94
A93: Kiefel 2 | B93: 79465 | C93: 101939.94
A94: Qtr3 | B94: 318967 | C94: 315819.83
A95: Jul | B95: 46220 | C95: 101939.94
A96: 45839 | B96: 46220 | C96: 101939.94
A97: Kiefel 2 | B97: 46220 | C97: 101939.94
A98: Aug | B98: 147377 | C98: 111939.94
A99: 45870 | B99: 147377 | C99: 111939.94
A100: Kiefel 2 | B100: 147377 | C100: 111939.94
A101: Sep | B101: 125370 | C101: 101939.94
A102: 45901 | B102: 125370 | C102: 101939.94
A103: Kiefel 2 | B103: 125370 | C103: 101939.94
A104: Qtr4 | B104: 324740 | C104: 305819.83
A105: Oct | B105: 124910 | C105: 101939.94
A106: 45931 | B106: 124910 | C106: 101939.94
A107: Kiefel 2 | B107: 124910 | C107: 101939.94
A108: Nov | B108: 91775 | C108: 101939.94
A109: 45962 | B109: 91775 | C109: 101939.94
A110: Kiefel 2 | B110: 91775 | C110: 101939.94
A111: Dec | B111: 108055 | C111: 101939.94
A112: 45992 | B112: 108055 | C112: 101939.94
A113: Kiefel 2 | B113: 108055 | C113: 101939.94
A114: 2026 | B114: 654096
A115: Qtr1 | B115: 375908
A116: Jan | B116: 86825
A117: 46023 | B117: 86825
A118: Kiefel 2 | B118: 86825
A119: Feb | B119: 109453
A120: 46054 | B120: 109453
A121: Kiefel 2 | B121: 109453
A122: Mar | B122: 179630
A123: 46082 | B123: 179630
A124: Kiefel 2 | B124: 179630
A125: Qtr2 | B125: 278188
A126: Apr | B126: 95503
A127: 46113 | B127: 95503
A128: Kiefel 2 | B128: 95503
A129: May | B129: 23100
A130: 46143 | B130: 23100
A131: Kiefel 2 | B131: 23100
A132: Jun | B132: 159585
...

Sheet Dansac Pouch Output
A33: Row Labels | B33: Output | C33: Target Output
A34: BA | B34: 92065054 | C34: 71862011
A35: 2024 | B35: 32531933 | C35: 33503106
A36: Qtr1 | B36: 8530240 | C36: 8219345.6
A37: Jan | B37: 2256304 | C37: 2365184.2
A38: 45292 | B38: 2256304 | C38: 2365184.2
A39: HF11 | B39: 759000 | C39: 849563.58
A40: Kiefel 10 | B40: 643380 | C40: 660633.59
A41: Kiefel 13 | B41: 853924 | C41: 854987.04
A42: Feb | B42: 3064056 | C42: 2844091.8
A43: 45323 | B43: 3064056 | C43: 2844091.8
A44: HF11 | B44: 759360 | C44: 804849.71
A45: Kiefel 10 | B45: 663501 | C45: 625863.4
A46: Kiefel 13 | B46: 919700 | C46: 809987.72
A47: P16 | B47: 721495 | C47: 603390.96
A48: Mar | B48: 3209880 | C48: 3010069.6
A49: 45352 | B49: 3209880 | C49: 3010069.6
A50: HF11 | B50: 829500 | C50: 864468.21
A51: Kiefel 10 | B51: 714400 | C51: 672223.66
A52: Kiefel 13 | B52: 972050 | C52: 869986.81
A53: P16 | B53: 693930 | C53: 603390.96
A54: Qtr2 | B54: 7702892 | C54: 8924570.2
A55: Apr | B55: 2914680 | C55: 2957250.3
A56: 45383 | B56: 2914680 | C56: 2957250.3
A57: HF11 | B57: 735600 | C57: 834658.96
A58: Kiefel 10 | B58: 544300 | C58: 649043.53
A59: Kiefel 13 | B59: 842600 | C59: 839987.27
A60: P16 | B60: 792180 | C60: 633560.51
A61: May | B61: 2245970 | C61: 3070408.7
A62: 45413 | B62: 2245970 | C62: 3070408.7
A63: HF11 | B63: 482730 | C63: 864468.21
A64: Kiefel 10 | B64: 742300 | C64: 672223.66
A65: Kiefel 13 | B65: 830300 | C65: 869986.81
A66: P16 | B66: 190640 | C66: 663730.06
A67: Jun | B67: 2542242 | C67: 2896911.2
A68: 45444 | B68: 2542242 | C68: 2896911.2
A69: HF11 | B69: 638402 | C69: 834658.96
A70: Kiefel 10 | B70: 692800 | C70: 649043.53
A71: Kiefel 13 | B71: 781240 | C71: 839987.27
A72: P16 | B72: 429800 | C72: 573221.41
A73: Qtr3 | B73: 8057841 | C73: 7996652.6
A74: Jul | B74: 2743757 | C74: 2844091.8
A75: 45474 | B75: 2743757 | C75: 2844091.8
A76: HF11 | B76: 756567 | C76: 804849.71
A77: Kiefel 10 | B77: 604810 | C77: 625863.4
A78: Kiefel 13 | B78: 818300 | C78: 809987.72
A79: P16 | B79: 564080 | C79: 603390.96
A80: Aug | B80: 1930347 | C80: 2112321.6
A81: 45505 | B81: 1930347 | C81: 2112321.6
A82: HF11 | B82: 542932 | C82: 596184.97
A83: Kiefel 10 | B83: 562865 | C83: 463602.52
A84: Kiefel 13 | B84: 442600 | C84: 599990.9
A85: P16 | B85: 381950 | C85: 452543.22
A86: Sep | B86: 3383737 | C86: 3040239.2
A87: 45536 | B87: 3383737 | C87: 3040239.2
A88: HF11 | B88: 880607 | C88: 864468.21
A89: Kiefel 10 | B89: 799530 | C89: 672223.66
A90: Kiefel 13 | B90: 953550 | C90: 869986.81
A91: P16 | B91: 750050 | C91: 633560.51
A92: Qtr4 | B92: 8240960 | C92: 8362537.7
A93: Oct | B93: 2977690 | C93: 3070408.7
A94: 45566 | B94: 2977690 | C94: 3070408.7
A95: HF11 | B95: 871770 | C95: 864468.21
A96: Kiefel 10 | B96: 682100 | C96: 672223.66
A97: Kiefel 13 | B97: 926500 | C97: 869986.81
A98: P16 | B98: 497320 | C98: 663730.06
A99: Nov | B99: 3011040 | C99: 3040239.2
A100: 45597 | B100: 3011040 | C100: 3040239.2
A101: HF11 | B101: 803240 | C101: 864468.21
A102: Kiefel 10 | B102: 703000 | C102: 672223.66
A103: Kiefel 13 | B103: 795500 | C103: 869986.81
A104: P16 | B104: 709300 | C104: 633560.51
A105: Dec | B105: 2252230 | C105: 2251889.8
A106: 45627 | B106: 2252230 | C106: 2251889.8
A107: HF11 | B107: 559228 | C107: 640898.84
A108: Kiefel 10 | B108: 505100 | C108: 498372.71
A109: Kiefel 13 | B109: 595502 | C109: 644990.22
A110: P16 | B110: 592400 | C110: 467627.99
A111: 2025 | B111: 38772785 | C111: 38358905
A112: Qtr1 | B112: 9353481 | C112: 9585201.3
A113: Jan | B113: 3043801 | C113: 3201633.8
A114: 45658 | B114: 3043801 | C114: 3201633.8
A115: HF11 | B115: 787240 | C115: 858754.11
A116: Kiefel 10 | B116: 693450 | C116: 710556.9
A117: Kiefel 13 | B117: 855051 | C117: 803919.36
A118: P16 | B118: 708060 | C118: 828403.41
A119: Feb | B119: 3068250 | C119: 3125833.8
A120: 45689 | B120: 3068250 | C120: 3125833.8
A121: HF11 | B121: 814590 | C121: 739954.11
A122: Kiefel 10 | B122: 651770 | C122: 715556.9
A123: Kiefel 13 | B123: 782230 | C123: 823919.36
A124: P16 | B124: 819660 | C124: 846403.41
A125: Mar | B125: 3241430 | C125: 3257733.8
A126: 45717 | B126: 3241430 | C126: 3257733.8
A127: HF11 | B127: 784480 | C127: 881854.11
A128: Kiefel 10 | B128: 756800 | C128: 710556.9
A129: Kiefel 13 | B129: 845950 | C129: 818919.36
A130: P16 | B130: 854200 | C130: 846403.41
A131: Qtr2 | B131: 9811759 | C131: 9597901.3
A132: Apr | B132: 3132865 | C132: 3236133.8
...

Sheet Untagged Pouch 12 mo Trend
B3: Column Labels
B4: Untagged Target | E4: Untagged vs Loss | H4: Total Untagged Target | I4: Total Untagged vs Loss
A5: Row Labels | B5: BA | C5: KA | D5: SD | E5: BA | F5: KA | G5: SD
A6: 2024 | B6: 0.05 | C6: 0.05 | D6: 0.05 | E6: 0.15034946 | F6: 0.009319038 | G6: 0.033216408 | H6: 0.05 | I6: 0.087115286
A7: Qtr1 | B7: 0.05 | C7: 0.05 | D7: 0.05 | E7: 0.066266745 | F7: 0.014097452 | G7: 0.016515662 | H7: 0.05 | I7: 0.042407114
A8: Jan | B8: 0.05 | C8: 0.05 | D8: 0.05 | E8: 0.037175404 | F8: 0.021990279 | G8: 0.017762453 | H8: 0.05 | I8: 0.028638499
A9: 45292 | B9: 0.05 | C9: 0.05 | D9: 0.05 | E9: 0.037175404 | F9: 0.021990279 | G9: 0.017762453 | H9: 0.05 | I9: 0.028638499
A10: Feb | B10: 0.05 | C10: 0.05 | D10: 0.05 | E10: 0.036330509 | F10: 0.011697033 | G10: 0.015948307 | H10: 0.05 | I10: 0.026334948
A11: 45323 | B11: 0.05 | C11: 0.05 | D11: 0.05 | E11: 0.036330509 | F11: 0.011697033 | G11: 0.015948307 | H11: 0.05 | I11: 0.026334948
A12: Mar | B12: 0.05 | C12: 0.05 | D12: 0.05 | E12: 0.12211349 | F12: 0.0099885523 | G12: 0.015819353 | H12: 0.05 | I12: 0.070310379
A13: 45352 | B13: 0.05 | C13: 0.05 | D13: 0.05 | E13: 0.12211349 | F13: 0.0099885523 | G13: 0.015819353 | H13: 0.05 | I13: 0.070310379
A14: Qtr2 | B14: 0.05 | C14: 0.05 | D14: 0.05 | E14: 0.13773084 | F14: 0.010600215 | G14: 0.022322423 | H14: 0.05 | I14: 0.077395181
A15: Apr | B15: 0.05 | C15: 0.05 | D15: 0.05 | E15: 0.10593583 | F15: 0.013503226 | G15: 0.013005967 | H15: 0.05 | I15: 0.061983219
A16: 45383 | B16: 0.05 | C16: 0.05 | D16: 0.05 | E16: 0.10593583 | F16: 0.013503226 | G16: 0.013005967 | H16: 0.05 | I16: 0.061983219
A17: May | B17: 0.05 | C17: 0.05 | D17: 0.05 | E17: 0.15329064 | F17: 0.0089380614 | G17: 0.02039785 | H17: 0.05 | I17: 0.082195134
A18: 45413 | B18: 0.05 | C18: 0.05 | D18: 0.05 | E18: 0.15329064 | F18: 0.0089380614 | G18: 0.02039785 | H18: 0.05 | I18: 0.082195134
A19: Jun | B19: 0.05 | C19: 0.05 | D19: 0.05 | E19: 0.15238124 | F19: 0.0098285631 | G19: 0.032331883 | H19: 0.05 | I19: 0.086860704
A20: 45444 | B20: 0.05 | C20: 0.05 | D20: 0.05 | E20: 0.15238124 | F20: 0.0098285631 | G20: 0.032331883 | H20: 0.05 | I20: 0.086860704
A21: Qtr3 | B21: 0.05 | C21: 0.05 | D21: 0.05 | E21: 0.25237168 | F21: 0.0078846444 | G21: 0.015522041 | H21: 0.05 | I21: 0.13732147
A22: Jul | B22: 0.05 | C22: 0.05 | D22: 0.05 | E22: 0.21317307 | F22: 0.0045454763 | G22: 0.020887218 | H22: 0.05 | I22: 0.1028483
A23: 45474 | B23: 0.05 | C23: 0.05 | D23: 0.05 | E23: 0.21317307 | F23: 0.0045454763 | G23: 0.020887218 | H23: 0.05 | I23: 0.1028483
A24: Aug | B24: 0.05 | C24: 0.05 | D24: 0.05 | E24: 0.31436906 | F24: 0.010685553 | G24: 0.010212881 | H24: 0.05 | I24: 0.19056666
A25: 45505 | B25: 0.05 | C25: 0.05 | D25: 0.05 | E25: 0.31436906 | F25: 0.010685553 | G25: 0.010212881 | H25: 0.05 | I25: 0.19056666
A26: Sep | B26: 0.05 | C26: 0.05 | D26: 0.05 | E26: 0.19776159 | F26: 0.010710694 | G26: 0.016483147 | H26: 0.05 | I26: 0.10753847
A27: 45536 | B27: 0.05 | C27: 0.05 | D27: 0.05 | E27: 0.19776159 | F27: 0.010710694 | G27: 0.016483147 | H27: 0.05 | I27: 0.10753847
A28: Qtr4 | B28: 0.05 | C28: 0.05 | D28: 0.05 | E28: 0.12754522 | F28: 0.0059061286 | G28: 0.070147817 | H28: 0.05 | I28: 0.082120732
A29: Oct | B29: 0.05 | C29: 0.05 | D29: 0.05 | E29: 0.16209318 | F29: 0.010168765 | G29: 0.025290995 | H29: 0.05 | I29: 0.096374018
A30: 45566 | B30: 0.05 | C30: 0.05 | D30: 0.05 | E30: 0.16209318 | F30: 0.010168765 | G30: 0.025290995 | H30: 0.05 | I30: 0.096374018
A31: Nov | B31: 0.05 | C31: 0.05 | D31: 0.05 | E31: 0.097472477 | F31: 0.0066377286 | G31: 0.020929049 | H31: 0.05 | I31: 0.056313437
A32: 45597 | B32: 0.05 | C32: 0.05 | D32: 0.05 | E32: 0.097472477 | F32: 0.0066377286 | G32: 0.020929049 | H32: 0.05 | I32: 0.056313437
A33: Dec | B33: 0.05 | C33: 0.05 | D33: 0.05 | E33: 0.12183683 | F33: 0.0029434706 | G33: 0.13964706 | H33: 0.05 | I33: 0.091178277
A34: 45627 | B34: 0.05 | C34: 0.05 | D34: 0.05 | E34: 0.12183683 | F34: 0.0029434706 | G34: 0.13964706 | H34: 0.05 | I34: 0.091178277
A35: 2025 | B35: 0.05 | C35: 0.05 | D35: 0.05 | E35: 0.30804137 | F35: 0.034682051 | G35: 0.065273091 | H35: 0.05 | I35: 0.20146865
A36: Qtr1 | B36: 0.05 | C36: 0.05 | D36: 0.05 | E36: 0.21224951 | F36: 0.064029234 | G36: 0.023330514 | H36: 0.05 | I36: 0.13607228
A37: Jan | B37: 0.05 | C37: 0.05 | D37: 0.05 | E37: 0.30399964 | F37: 0.10554938 | G37: 0.019721065 | H37: 0.05 | I37: 0.19048029
A38: 45658 | B38: 0.05 | C38: 0.05 | D38: 0.05 | E38: 0.30399964 | F38: 0.10554938 | G38: 0.019721065 | H38: 0.05 | I38: 0.19048029
A39: Feb | B39: 0.05 | C39: 0.05 | D39: 0.05 | E39: 0.15882995 | F39: 0.016017858 | G39: 0.019009266 | H39: 0.05 | I39: 0.097727191
A40: 45689 | B40: 0.05 | C40: 0.05 | D40: 0.05 | E40: 0.15882995 | F40: 0.016017858 | G40: 0.019009266 | H40: 0.05 | I40: 0.097727191
A41: Mar | B41: 0.05 | C41: 0.05 | D41: 0.05 | E41: 0.16132599 | F41: 0.067852637 | G41: 0.035094142 | H41: 0.05 | I41: 0.11316115
A42: 45717 | B42: 0.05 | C42: 0.05 | D42: 0.05 | E42: 0.16132599 | F42: 0.067852637 | G42: 0.035094142 | H42: 0.05 | I42: 0.11316115
A43: Qtr2 | B43: 0.05 | C43: 0.05 | D43: 0.05 | E43: 0.29135433 | F43: 0.035742497 | G43: 0.041411618 | H43: 0.05 | I43: 0.19443049
A44: Apr | B44: 0.05 | C44: 0.05 | D44: 0.05 | E44: 0.17329749 | F44: 0.018190723 | G44: 0.033481229 | H44: 0.05 | I44: 0.11583006
A45: 45748 | B45: 0.05 | C45: 0.05 | D45: 0.05 | E45: 0.17329749 | F45: 0.018190723 | G45: 0.033481229 | H45: 0.05 | I45: 0.11583006
A46: May | B46: 0.05 | C46: 0.05 | D46: 0.05 | E46: 0.32944421 | F46: 0.051947385 | G46: 0.049449971 | H46: 0.05 | I46: 0.2249721
A47: 45778 | B47: 0.05 | C47: 0.05 | D47: 0.05 | E47: 0.32944421 | F47: 0.051947385 | G47: 0.049449971 | H47: 0.05 | I47: 0.2249721
A48: Jun | B48: 0.05 | C48: 0.05 | D48: 0.05 | E48: 0.3501971 | F48: 0.032345818 | G48: 0.041705797 | H48: 0.05 | I48: 0.23045937
A49: 45809 | B49: 0.05 | C49: 0.05 | D49: 0.05 | E49: 0.3501971 | F49: 0.032345818 | G49: 0.041705797 | H49: 0.05 | I49: 0.23045937
A50: Qtr3 | B50: 0.05 | C50: 0.05 | D50: 0.05 | E50: 0.36049754 | F50: 0.034272851 | G50: 0.060815492 | H50: 0.05 | I50: 0.23397965
A51: Jul | B51: 0.05 | C51: 0.05 | D51: 0.05 | E51: 0.39457764 | F51: 0.023588358 | G51: 0.052350141 | H51: 0.05 | I51: 0.25907058
A52: 45839 | B52: 0.05 | C52: 0.05 | D52: 0.05 | E52: 0.39457764 | F52: 0.023588358 | G52: 0.052350141 | H52: 0.05 | I52: 0.25907058
A53: Aug | B53: 0.05 | C53: 0.05 | D53: 0.05 | E53: 0.36678062 | F53: 0.021416682 | G53: 0.04446417 | H53: 0.05 | I53: 0.23333096
A54: 45870 | B54: 0.05 | C54: 0.05 | D54: 0.05 | E54: 0.36678062 | F54: 0.021416682 | G54: 0.04446417 | H54: 0.05 | I54: 0.23333096
A55: Sep | B55: 0.05 | C55: 0.05 | D55: 0.05 | E55: 0.32044028 | F55: 0.051128085 | G55: 0.084753689 | H55: 0.05 | I55: 0.21170805
A56: 45901 | B56: 0.05 | C56: 0.05 | D56: 0.05 | E56: 0.32044028 | F56: 0.051128085 | G56: 0.084753689 | H56: 0.05 | I56: 0.21170805
A57: Qtr4 | B57: 0.05 | C57: 0.05 | D57: 0.05 | E57: 0.35515126 | F57: 0.01901545 | G57: 0.14123476 | H57: 0.05 | I57: 0.23279913
A58: Oct | B58: 0.05 | C58: 0.05 | D58: 0.05 | E58: 0.36921561 | F58: 0.018093535 | G58: 0.091528153 | H58: 0.05 | I58: 0.2140813
A59: 45931 | B59: 0.05 | C59: 0.05 | D59: 0.05 | E59: 0.36921561 | F59: 0.018093535 | G59: 0.091528153 | H59: 0.05 | I59: 0.2140813
A60: Nov | B60: 0.05 | C60: 0.05 | D60: 0.05 | E60: 0.29831384 | F60: 0.019545022 | G60: 0.11724518 | H60: 0.05 | I60: 0.19437644
A61: 45962 | B61: 0.05 | C61: 0.05 | D61: 0.05 | E61: 0.29831384 | F61: 0.019545022 | G61: 0.11724518 | H61: 0.05 | I61: 0.19437644
A62: Dec | B62: 0.05 | C62: 0.05 | D62: 0.05 | E62: 0.38441562 | F62: 0.019959051 | G62: 0.20807874 | H62: 0.05 | I62: 0.28280786
A63: 45992 | B63: 0.05 | C63: 0.05 | D63: 0.05 | E63: 0.38441562 | F63: 0.019959051 | G63: 0.20807874 | H63: 0.05 | I63: 0.28280786
A64: 2026 | B64: 0.05 | C64: 0.05 | D64: 0.05 | E64: 0.33416445 | F64: 0.062017069 | G64: 0.098733721 | H64: 0.05 | I64: 0.24387494
A65: Qtr1 | B65: 0.05 | C65: 0.05 | D65: 0.05 | E65: 0.29165222 | F65: 0.027942595 | G65: 0.10451992 | H65: 0.05 | I65: 0.20312443
A66: Jan | B66: 0.05 | C66: 0.05 | D66: 0.05 | E66: 0.24344835 | F66: 0.10564585 | G66: 0.14742086 | H66: 0.05 | I66: 0.20523967
A67: 46023 | B67: 0.05 | C67: 0.05 | D67: 0.05 | E67: 0.24344835 | F67: 0.10564585 | G67: 0.14742086 | H67: 0.05 | I67: 0.20523967
A68: Feb | B68: 0.05 | C68: 0.05 | D68: 0.05 | E68: 0.25746959 | F68: 0.022854577 | G68: 0.072213151 | H68: 0.05 | I68: 0.16918849
A69: 46054 | B69: 0.05 | C69: 0.05 | D69: 0.05 | E69: 0.25746959 | F69: 0.022854577 | G69: 0.072213151 | H69: 0.05 | I69: 0.16918849
A70: Mar | B70: 0.05 | C70: 0.05 | D70: 0.05 | E70: 0.38138005 | F70: 0.019069175 | G70: 0.076754549 | H70: 0.05 | I70: 0.23735083
A71: 46082 | B71: 0.05 | C71: 0.05 | D71: 0.05 | E71: 0.38138005 | F71: 0.019069175 | G71: 0.076754549 | H71: 0.05 | I71: 0.23735083
A72: Qtr2 | B72: 0.05 | C72: 0.05 | D72: 0.05 | E72: 0.3722886 | F72: 0.038190027 | G72: 0.099569788 | H72: 0.05 | I72: 0.25729342
A73: Apr | B73: 0.05 | C73: 0.05 | D73: 0.05 | E73: 0.41915567 | F73: -0.035507323 | G73: 0.11995117 | H73: 0.05 | I73: 0.35194984
A74: 46113 | B74: 0.05 | C74: 0.05 | D74: 0.05 | E74: 0.41915567 | F74: -0.035507323 | G74: 0.11995117 | H74: 0.05 | I74: 0.35194984
A75: May | B75: 0.05 | C75: 0.05 | D75: 0.05 | E75: 0.2927947 | F75: 0.030924822 | G75: 0.10053019 | H75: 0.05 | I75: 0.19028985
A76: 46143 | B76: 0.05 | C76: 0.05 | D76: 0.05 | E76: 0.2927947 | F76: 0.030924822 | G76: 0.10053019 | H76: 0.05 | I76: 0.19028985
A77: Jun | B77: 0.05 | C77: 0.05 | D77: 0.05 | E77: 0.39209287 | F77: 0.018252901 | G77: 0.071949322 | H77: 0.05 | I77: 0.24028559
A78: 46174 | B78: 0.05 | C78: 0.05 | D78: 0.05 | E78: 0.39209287 | F78: 0.018252901 | G78: 0.071949322 | H78: 0.05 | I78: 0.24028559
A79: Qtr3 | B79: 0.05 | C79: 0.05 | D79: 0.05 | E79: 0.35653032 | F79: -0.049010344 | G79: 0.071620907 | H79: 0.05 | I79: 0.39703099
A80: Jul | B80: 0.05 | C80: 0.05 | D80: 0.05 | E80: 0.35653032 | F80: -0.049010344 | G80: 0.071620907 | H80: 0.05 | I80: 0.39703099
A81: 46204 | B81: 0.05 | C81: 0.05 | D81: 0.05 | E81: 0.35653032 | F81: -0.049010344 | G81: 0.071620907 | H81: 0.05 | I81: 0.39703099
A82: Grand Total | B82: 0.05 | C82: 0.05 | D82: 0.05 | E82: 0.24450922 | F82: 0.020897712 | G82: 0.058242246 | H82: 0.05 | I82: 0.15485703

Sheet Untagged 1AC 12 mo Trend
B3: Column Labels
B4: Untagged Target | E4: Untagged vs Loss | H4: Total Untagged Target | I4: Total Untagged vs Loss
A5: Row Labels | B5: BA | C5: KA | D5: SD | E5: BA | F5: KA | G5: SD
A6: 2024 | B6: 0.05 | C6: 0.05 | D6: 0.05 | E6: 0.25433328 | F6: 0.0037493726 | G6: 0.0082597658 | H6: 0.05 | I6: 0.13457609
A7: Qtr1 | B7: 0.05 | C7: 0.05 | D7: 0.05 | E7: 0.12750104 | F7: #DIV/0! | G7: 0.014303706 | H7: 0.05 | I7: 0.073637511
A8: Jan | B8: 0.05 | C8: 0.05 | D8: 0.05 | E8: 0.11215177 | F8: #DIV/0! | G8: 0.0057779956 | H8: 0.05 | I8: 0.062321673
A9: 45292 | B9: 0.05 | C9: 0.05 | D9: 0.05 | E9: 0.11215177 | F9: #DIV/0! | G9: 0.0057779956 | H9: 0.05 | I9: 0.062321673
A10: Feb | B10: 0.05 | C10: 0.05 | D10: 0.05 | E10: 0.12630869 | F10: #DIV/0! | G10: 0.03033955 | H10: 0.05 | I10: 0.080820573
A11: 45323 | B11: 0.05 | C11: 0.05 | D11: 0.05 | E11: 0.12630869 | F11: #DIV/0! | G11: 0.03033955 | H11: 0.05 | I11: 0.080820573
A12: Mar | B12: 0.05 | C12: 0.05 | D12: 0.05 | E12: 0.14490081 | F12: #DIV/0! | G12: 0.008575601 | H12: 0.05 | I12: 0.07876702
A13: 45352 | B13: 0.05 | C13: 0.05 | D13: 0.05 | E13: 0.14490081 | F13: #DIV/0! | G13: 0.008575601 | H13: 0.05 | I13: 0.07876702
A14: Qtr2 | B14: 0.05 | C14: 0.05 | D14: 0.05 | E14: 0.18939025 | F14: #DIV/0! | G14: 0.0068067755 | H14: 0.05 | I14: 0.10044366
A15: Apr | B15: 0.05 | C15: 0.05 | D15: 0.05 | E15: 0.14769004 | F15: #DIV/0! | G15: 0.0061927411 | H15: 0.05 | I15: 0.076251565
A16: 45383 | B16: 0.05 | C16: 0.05 | D16: 0.05 | E16: 0.14769004 | F16: #DIV/0! | G16: 0.0061927411 | H16: 0.05 | I16: 0.076251565
A17: May | B17: 0.05 | C17: 0.05 | D17: 0.05 | E17: 0.2143907 | F17: #DIV/0! | G17: 0.0068257389 | H17: 0.05 | I17: 0.11104206
A18: 45413 | B18: 0.05 | C18: 0.05 | D18: 0.05 | E18: 0.2143907 | F18: #DIV/0! | G18: 0.0068257389 | H18: 0.05 | I18: 0.11104206
A19: Jun | B19: 0.05 | C19: 0.05 | D19: 0.05 | E19: 0.20275886 | F19: #DIV/0! | G19: 0.0075159284 | H19: 0.05 | I19: 0.11387715
A20: 45444 | B20: 0.05 | C20: 0.05 | D20: 0.05 | E20: 0.20275886 | F20: #DIV/0! | G20: 0.0075159284 | H20: 0.05 | I20: 0.11387715
A21: Qtr3 | B21: 0.05 | C21: 0.05 | D21: 0.05 | E21: 0.47780115 | F21: #DIV/0! | G21: 0.0067834251 | H21: 0.05 | I21: 0.28092729
A22: Jul | B22: 0.05 | C22: 0.05 | D22: 0.05 | E22: 0.39845646 | F22: #DIV/0! | G22: 0.0082289155 | H22: 0.05 | I22: 0.22211424
A23: 45474 | B23: 0.05 | C23: 0.05 | D23: 0.05 | E23: 0.39845646 | F23: #DIV/0! | G23: 0.0082289155 | H23: 0.05 | I23: 0.22211424
A24: Aug | B24: 0.05 | C24: 0.05 | D24: 0.05 | E24: 0.58167189 | F24: #DIV/0! | G24: 0.0060492753 | H24: 0.05 | I24: 0.40543457
A25: 45505 | B25: 0.05 | C25: 0.05 | D25: 0.05 | E25: 0.58167189 | F25: #DIV/0! | G25: 0.0060492753 | H25: 0.05 | I25: 0.40543457
A26: Sep | B26: 0.05 | C26: 0.05 | D26: 0.05 | E26: 0.29464969 | F26: #DIV/0! | G26: 0.0061870374 | H26: 0.05 | I26: 0.12840149
A27: 45536 | B27: 0.05 | C27: 0.05 | D27: 0.05 | E27: 0.29464969 | F27: #DIV/0! | G27: 0.0061870374 | H27: 0.05 | I27: 0.12840149
A28: Qtr4 | B28: 0.05 | C28: 0.05 | D28: 0.05 | E28: 0.17155938 | F28: 0.0037493726 | G28: 0.0056989925 | H28: 0.05 | I28: 0.080139813
A29: Oct | B29: 0.05 | C29: 0.05 | D29: 0.05 | E29: 0.35042899 | F29: #DIV/0! | G29: 0.0052328789 | H29: 0.05 | I29: 0.14218749
A30: 45566 | B30: 0.05 | C30: 0.05 | D30: 0.05 | E30: 0.35042899 | F30: #DIV/0! | G30: 0.0052328789 | H30: 0.05 | I30: 0.14218749
A31: Nov | B31: 0.05 | C31: 0.05 | D31: 0.05 | E31: 0.19340264 | F31: 0.0004477105 | G31: 0.0051525247 | H31: 0.05 | I31: 0.071039767
A32: 45597 | B32: 0.05 | C32: 0.05 | D32: 0.05 | E32: 0.19340264 | F32: 0.0004477105 | G32: 0.0051525247 | H32: 0.05 | I32: 0.071039767
A33: Dec | B33: 0.05 | C33: 0.05 | D33: 0.05 | E33: 0.080262469 | F33: 0.0095540537 | G33: 0.0067244767 | H33: 0.05 | I33: 0.047949853
A34: 45627 | B34: 0.05 | C34: 0.05 | D34: 0.05 | E34: 0.080262469 | F34: 0.0095540537 | G34: 0.0067244767 | H34: 0.05 | I34: 0.047949853
A35: 2025 | B35: 0.05 | C35: 0.05 | D35: 0.05 | E35: 0.069826593 | F35: 0.014427734 | G35: 0.026519877 | H35: 0.05 | I35: 0.045660066
A36: Qtr1 | B36: 0.05 | C36: 0.05 | D36: 0.05 | E36: 0.18280017 | F36: 0.034861001 | G36: 0.023134619 | H36: 0.05 | I36: 0.088817405
A37: Jan | B37: 0.05 | C37: 0.05 | D37: 0.05 | E37: 0.2474106 | F37: 0.0048122855 | G37: 0.0096687061 | H37: 0.05 | I37: 0.10210576
A38: 45658 | B38: 0.05 | C38: 0.05 | D38: 0.05 | E38: 0.2474106 | F38: 0.0048122855 | G38: 0.0096687061 | H38: 0.05 | I38: 0.10210576
A39: Feb | B39: 0.05 | C39: 0.05 | D39: 0.05 | E39: 0.16655371 | F39: 0.0072127552 | G39: 0.044600518 | H39: 0.05 | I39: 0.089517727
A40: 45689 | B40: 0.05 | C40: 0.05 | D40: 0.05 | E40: 0.16655371 | F40: 0.0072127552 | G40: 0.044600518 | H40: 0.05 | I40: 0.089517727
A41: Mar | B41: 0.05 | C41: 0.05 | D41: 0.05 | E41: 0.1140961 | F41: 0.10251799 | G41: 0.017684057 | H41: 0.05 | I41: 0.069351276
A42: 45717 | B42: 0.05 | C42: 0.05 | D42: 0.05 | E42: 0.1140961 | F42: 0.10251799 | G42: 0.017684057 | H42: 0.05 | I42: 0.069351276
A43: Qtr2 | B43: 0.05 | C43: 0.05 | D43: 0.05 | E43: 0.075138309 | F43: 0.010169789 | G43: 0.014201003 | H43: 0.05 | I43: 0.045372111
A44: Apr | B44: 0.05 | C44: 0.05 | D44: 0.05 | E44: 0.13306476 | F44: 0.010798272 | G44: 0.013343598 | H44: 0.05 | I44: 0.072744177
A45: 45748 | B45: 0.05 | C45: 0.05 | D45: 0.05 | E45: 0.13306476 | F45: 0.010798272 | G45: 0.013343598 | H45: 0.05 | I45: 0.072744177
A46: May | B46: 0.05 | C46: 0.05 | D46: 0.05 | E46: 0.080409588 | F46: 0.012935794 | G46: 0.014845041 | H46: 0.05 | I46: 0.046389503
A47: 45778 | B47: 0.05 | C47: 0.05 | D47: 0.05 | E47: 0.080409588 | F47: 0.012935794 | G47: 0.014845041 | H47: 0.05 | I47: 0.046389503
A48: Jun | B48: 0.05 | C48: 0.05 | D48: 0.05 | E48: 0.021633785 | F48: 0.008518663 | G48: 0.014475005 | H48: 0.05 | I48: 0.017965518
A49: 45809 | B49: 0.05 | C49: 0.05 | D49: 0.05 | E49: 0.021633785 | F49: 0.008518663 | G49: 0.014475005 | H49: 0.05 | I49: 0.017965518
A50: Qtr3 | B50: 0.05 | C50: 0.05 | D50: 0.05 | E50: 0.032326236 | F50: 0.0076097438 | G50: 0.041989693 | H50: 0.05 | I50: 0.03387656
A51: Jul | B51: 0.05 | C51: 0.05 | D51: 0.05 | E51: 0.028338017 | F51: 0.00259418 | G51: 0.084920306 | H51: 0.05 | I51: 0.050709755
A52: 45839 | B52: 0.05 | C52: 0.05 | D52: 0.05 | E52: 0.028338017 | F52: 0.00259418 | G52: 0.084920306 | H52: 0.05 | I52: 0.050709755
A53: Aug | B53: 0.05 | C53: 0.05 | D53: 0.05 | E53: 0.033018044 | F53: 0.014582489 | G53: 0.017636423 | H53: 0.05 | I53: 0.024791835
A54: 45870 | B54: 0.05 | C54: 0.05 | D54: 0.05 | E54: 0.033018044 | F54: 0.014582489 | G54: 0.017636423 | H54: 0.05 | I54: 0.024791835
A55: Sep | B55: 0.05 | C55: 0.05 | D55: 0.05 | E55: 0.03590456 | F55: 0.0040825794 | G55: 0.024763303 | H55: 0.05 | I55: 0.027104058
A56: 45901 | B56: 0.05 | C56: 0.05 | D56: 0.05 | E56: 0.03590456 | F56: 0.0040825794 | G56: 0.024763303 | H56: 0.05 | I56: 0.027104058
A57: Qtr4 | B57: 0.05 | C57: 0.05 | D57: 0.05 | E57: 0.016811124 | F57: 0.0038537399 | G57: 0.027302335 | H57: 0.05 | I57: 0.018325397
A58: Oct | B58: 0.05 | C58: 0.05 | D58: 0.05 | E58: 0.03256566 | F58: 0.001244742 | G58: 0.036144947 | H58: 0.05 | I58: 0.02568522
A59: 45931 | B59: 0.05 | C59: 0.05 | D59: 0.05 | E59: 0.03256566 | F59: 0.001244742 | G59: 0.036144947 | H59: 0.05 | I59: 0.02568522
A60: Nov | B60: 0.05 | C60: 0.05 | D60: 0.05 | E60: 0.022956647 | F60: 0.0030776446 | G60: 0.022008991 | H60: 0.05 | I60: 0.018678079
A61: 45962 | B61: 0.05 | C61: 0.05 | D61: 0.05 | E61: 0.022956647 | F61: 0.0030776446 | G61: 0.022008991 | H61: 0.05 | I61: 0.018678079
A62: Dec | B62: 0.05 | C62: 0.05 | D62: 0.05 | E62: 0.0086049367 | F62: 0.012009696 | G62: 0.024744051 | H62: 0.05 | I62: 0.013176797
A63: 45992 | B63: 0.05 | C63: 0.05 | D63: 0.05 | E63: 0.0086049367 | F63: 0.012009696 | G63: 0.024744051 | H63: 0.05 | I63: 0.013176797
A64: 2026 | B64: 0.05 | C64: 0.05 | D64: 0.05 | E64: 0.12187206 | F64: 0.013755304 | G64: 0.048210057 | H64: 0.05 | I64: 0.082792235
A65: Qtr1 | B65: 0.05 | C65: 0.05 | D65: 0.05 | E65: 0.10323079 | F65: 0.008178254 | G65: 0.062755438 | H65: 0.05 | I65: 0.074419719
A66: Jan | B66: 0.05 | C66: 0.05 | D66: 0.05 | E66: 0.027031078 | F66: 0.009206979 | G66: 0.12625842 | H66: 0.05 | I66: 0.074242581
A67: 46023 | B67: 0.05 | C67: 0.05 | D67: 0.05 | E67: 0.027031078 | F67: 0.009206979 | G67: 0.12625842 | H67: 0.05 | I67: 0.074242581
A68: Feb | B68: 0.05 | C68: 0.05 | D68: 0.05 | E68: 0.23208355 | F68: 0.0069815195 | G68: 0.030421247 | H68: 0.05 | I68: 0.12289148
A69: 46054 | B69: 0.05 | C69: 0.05 | D69: 0.05 | E69: 0.23208355 | F69: 0.0069815195 | G69: 0.030421247 | H69: 0.05 | I69: 0.12289148
A70: Mar | B70: 0.05 | C70: 0.05 | D70: 0.05 | E70: 0.037078526 | F70: 0.008357516 | G70: 0.01522892 | H70: 0.05 | I70: 0.022465846
A71: 46082 | B71: 0.05 | C71: 0.05 | D71: 0.05 | E71: 0.037078526 | F71: 0.008357516 | G71: 0.01522892 | H71: 0.05 | I71: 0.022465846
A72: Qtr2 | B72: 0.05 | C72: 0.05 | D72: 0.05 | E72: 0.18986547 | F72: 0.015130043 | G72: 0.039339808 | H72: 0.05 | I72: 0.11496819
A73: Apr | B73: 0.05 | C73: 0.05 | D73: 0.05 | E73: 0.36202295 | F73: 0.01092545 | G73: 0.048837252 | H73: 0.05 | I73: 0.18240635
A74: 46113 | B74: 0.05 | C74: 0.05 | D74: 0.05 | E74: 0.36202295 | F74: 0.01092545 | G74: 0.048837252 | H74: 0.05 | I74: 0.18240635
A75: May | B75: 0.05 | C75: 0.05 | D75: 0.05 | E75: 0.019463643 | F75: 0.01843283 | G75: 0.047595228 | H75: 0.05 | I75: 0.030811785
A76: 46143 | B76: 0.05 | C76: 0.05 | D76: 0.05 | E76: 0.019463643 | F76: 0.01843283 | G76: 0.047595228 | H76: 0.05 | I76: 0.030811785
A77: Jun | B77: 0.05 | C77: 0.05 | D77: 0.05 | E77: 0.19959984 | F77: 0.015867673 | G77: 0.017470946 | H77: 0.05 | I77: 0.1226596
A78: 46174 | B78: 0.05 | C78: 0.05 | D78: 0.05 | E78: 0.19959984 | F78: 0.015867673 | G78: 0.017470946 | H78: 0.05 | I78: 0.1226596
A79: Qtr3 | B79: 0.05 | C79: 0.05 | D79: 0.05 | E79: 0.013051429 | F79: 0.042089654 | G79: 0.022968773 | H79: 0.05 | I79: 0.016846209
A80: Jul | B80: 0.05 | C80: 0.05 | D80: 0.05 | E80: 0.013051429 | F80: 0.042089654 | G80: 0.022968773 | H80: 0.05 | I80: 0.016846209
A81: 46204 | B81: 0.05 | C81: 0.05 | D81: 0.05 | E81: 0.013051429 | F81: 0.042089654 | G81: 0.022968773 | H81: 0.05 | I81: 0.016846209
A82: Grand Total | B82: 0.05 | C82: 0.05 | D82: 0.05 | E82: 0.16266818 | F82: 0.011955753 | G82: 0.023474221 | H82: 0.05 | I82: 0.092055146

Sheet Untagged 2AC 12 mo Trend
B3: Column Labels
B4: Untagged Target | D4: Untagged vs Loss | F4: Total Untagged Target | G4: Total Untagged vs Loss
A5: Row Labels | B5: KA | C5: SD | D5: KA | E5: SD
A6: 2024 | B6: 0.05 | C6: 0.05 | D6: 0.0049916273 | E6: 0.10210765 | F6: 0.05 | G6: 0.047069256
A7: Qtr1 | B7: 0.05 | C7: 0.05 | D7: 0.0041303622 | E7: 0.13747376 | F7: 0.05 | G7: 0.054283527
A8: Jan | B8: 0.05 | C8: 0.05 | D8: 0.0050188626 | E8: 0.13518708 | F8: 0.05 | G8: 0.053639927
A9: 45292 | B9: 0.05 | C9: 0.05 | D9: 0.0050188626 | E9: 0.13518708 | F9: 0.05 | G9: 0.053639927
A10: Feb | B10: 0.05 | C10: 0.05 | D10: 0.001851268 | E10: 0.13611914 | F10: 0.05 | G10: 0.050330319
A11: 45323 | B11: 0.05 | C11: 0.05 | D11: 0.001851268 | E11: 0.13611914 | F11: 0.05 | G11: 0.050330319
A12: Mar | B12: 0.05 | C12: 0.05 | D12: 0.0059802693 | E12: 0.14158177 | F12: 0.05 | G12: 0.059915285
A13: 45352 | B13: 0.05 | C13: 0.05 | D13: 0.0059802693 | E13: 0.14158177 | F13: 0.05 | G13: 0.059915285
A14: Qtr2 | B14: 0.05 | C14: 0.05 | D14: 0.003654021 | E14: 0.16579456 | F14: 0.05 | G14: 0.068153694
A15: Apr | B15: 0.05 | C15: 0.05 | D15: 0.0012156817 | E15: 0.16439341 | F15: 0.05 | G15: 0.057283819
A16: 45383 | B16: 0.05 | C16: 0.05 | D16: 0.0012156817 | E16: 0.16439341 | F16: 0.05 | G16: 0.057283819
A17: May | B17: 0.05 | C17: 0.05 | D17: 0.0035729117 | E17: 0.05269447 | F17: 0.05 | G17: 0.023299956
A18: 45413 | B18: 0.05 | C18: 0.05 | D18: 0.0035729117 | E18: 0.05269447 | F18: 0.05 | G18: 0.023299956
A19: Jun | B19: 0.05 | C19: 0.05 | D19: 0.0073994213 | E19: 0.28176252 | F19: 0.05 | G19: 0.13360006
A20: 45444 | B20: 0.05 | C20: 0.05 | D20: 0.0073994213 | E20: 0.28176252 | F20: 0.05 | G20: 0.13360006
A21: Qtr3 | B21: 0.05 | C21: 0.05 | D21: 0.0053976761 | E21: 0.064547398 | F21: 0.05 | G21: 0.032474793
A22: Jul | B22: 0.05 | C22: 0.05 | D22: 0.0019142326 | E22: 0.10303858 | F22: 0.05 | G22: 0.040025609
A23: 45474 | B23: 0.05 | C23: 0.05 | D23: 0.0019142326 | E23: 0.10303858 | F23: 0.05 | G23: 0.040025609
A24: Aug | B24: 0.05 | C24: 0.05 | D24: 0.0068343138 | E24: 0.044788102 | F24: 0.05 | G24: 0.026589691
A25: 45505 | B25: 0.05 | C25: 0.05 | D25: 0.0068343138 | E25: 0.044788102 | F25: 0.05 | G25: 0.026589691
A26: Sep | B26: 0.05 | C26: 0.05 | D26: 0.010460346 | E26: 0.043548527 | F26: 0.05 | G26: 0.027412256
A27: 45536 | B27: 0.05 | C27: 0.05 | D27: 0.010460346 | E27: 0.043548527 | F27: 0.05 | G27: 0.027412256
A28: Qtr4 | B28: 0.05 | C28: 0.05 | D28: 0.0074332002 | E28: 0.054791265 | F28: 0.05 | G28: 0.031216971
A29: Oct | B29: 0.05 | C29: 0.05 | D29: 0.0080240181 | E29: 0.065607663 | F29: 0.05 | G29: 0.035928977
A30: 45566 | B30: 0.05 | C30: 0.05 | D30: 0.0080240181 | E30: 0.065607663 | F30: 0.05 | G30: 0.035928977
A31: Nov | B31: 0.05 | C31: 0.05 | D31: 0.0133351 | E31: 0.051804266 | F31: 0.05 | G31: 0.036593833
A32: 45597 | B32: 0.05 | C32: 0.05 | D32: 0.0133351 | E32: 0.051804266 | F32: 0.05 | G32: 0.036593833
A33: Dec | B33: 0.05 | C33: 0.05 | D33: 0.0043843055 | E33: 0.048788622 | F33: 0.05 | G33: 0.024431631
A34: 45627 | B34: 0.05 | C34: 0.05 | D34: 0.0043843055 | E34: 0.048788622 | F34: 0.05 | G34: 0.024431631
A35: 2025 | B35: 0.05 | C35: 0.05 | D35: 0.02938041 | E35: 0.17256231 | F35: 0.05 | G35: 0.10724744
A36: Qtr1 | B36: 0.05 | C36: 0.05 | D36: 0.012779211 | E36: 0.15366007 | F36: 0.05 | G36: 0.086678806
A37: Jan | B37: 0.05 | C37: 0.05 | D37: 0.0084719953 | E37: 0.12960826 | F37: 0.05 | G37: 0.062002328
A38: 45658 | B38: 0.05 | C38: 0.05 | D38: 0.0084719953 | E38: 0.12960826 | F38: 0.05 | G38: 0.062002328
A39: Feb | B39: 0.05 | C39: 0.05 | D39: 0.017414334 | E39: 0.16191278 | F39: 0.05 | G39: 0.10527177
A40: 45689 | B40: 0.05 | C40: 0.05 | D40: 0.017414334 | E40: 0.16191278 | F40: 0.05 | G40: 0.10527177
A41: Mar | B41: 0.05 | C41: 0.05 | D41: 0.015798805 | E41: 0.1694074 | F41: 0.05 | G41: 0.10061343
A42: 45717 | B42: 0.05 | C42: 0.05 | D42: 0.015798805 | E42: 0.1694074 | F42: 0.05 | G42: 0.10061343
A43: Qtr2 | B43: 0.05 | C43: 0.05 | D43: 0.031943539 | E43: 0.11102828 | F43: 0.05 | G43: 0.076929182
A44: Apr | B44: 0.05 | C44: 0.05 | D44: 0.050632213 | E44: 0.088094028 | F44: 0.05 | G44: 0.070128221
A45: 45748 | B45: 0.05 | C45: 0.05 | D45: 0.050632213 | E45: 0.088094028 | F45: 0.05 | G45: 0.070128221
A46: May | B46: 0.05 | C46: 0.05 | D46: 0.019584052 | E46: 0.1192687 | F46: 0.05 | G46: 0.084188967
A47: 45778 | B47: 0.05 | C47: 0.05 | D47: 0.019584052 | E47: 0.1192687 | F47: 0.05 | G47: 0.084188967
A48: Jun | B48: 0.05 | C48: 0.05 | D48: 0.021101144 | E48: 0.12441843 | F48: 0.05 | G48: 0.07650242
A49: 45809 | B49: 0.05 | C49: 0.05 | D49: 0.021101144 | E49: 0.12441843 | F49: 0.05 | G49: 0.07650242
A50: Qtr3 | B50: 0.05 | C50: 0.05 | D50: 0.050696743 | E50: 0.18169299 | F50: 0.05 | G50: 0.12248037
A51: Jul | B51: 0.05 | C51: 0.05 | D51: 0.073516282 | E51: 0.30782654 | F51: 0.05 | G51: 0.23539622
A52: 45839 | B52: 0.05 | C52: 0.05 | D52: 0.073516282 | E52: 0.30782654 | F52: 0.05 | G52: 0.23539622
A53: Aug | B53: 0.05 | C53: 0.05 | D53: 0.078308134 | E53: 0.13960983 | F53: 0.05 | G53: 0.10790203
A54: 45870 | B54: 0.05 | C54: 0.05 | D54: 0.078308134 | E54: 0.13960983 | F54: 0.05 | G54: 0.10790203
A55: Sep | B55: 0.05 | C55: 0.05 | D55: 0.015984912 | E55: 0.07165607 | F55: 0.05 | G55: 0.043101007
A56: 45901 | B56: 0.05 | C56: 0.05 | D56: 0.015984912 | E56: 0.07165607 | F56: 0.05 | G56: 0.043101007
A57: Qtr4 | B57: 0.05 | C57: 0.05 | D57: 0.024380781 | E57: 0.25465742 | F57: 0.05 | G57: 0.14769063
A58: Oct | B58: 0.05 | C58: 0.05 | D58: 0.0093148655 | E58: 0.11135964 | F58: 0.05 | G58: 0.056404998
A59: 45931 | B59: 0.05 | C59: 0.05 | D59: 0.0093148655 | E59: 0.11135964 | F59: 0.05 | G59: 0.056404998
A60: Nov | B60: 0.05 | C60: 0.05 | D60: 0.042591929 | E60: 0.32249482 | F60: 0.05 | G60: 0.18164478
A61: 45962 | B61: 0.05 | C61: 0.05 | D61: 0.042591929 | E61: 0.32249482 | F61: 0.05 | G61: 0.18164478
A62: Dec | B62: 0.05 | C62: 0.05 | D62: 0.023474282 | E62: 0.31377165 | F62: 0.05 | G62: 0.21388613
A63: 45992 | B63: 0.05 | C63: 0.05 | D63: 0.023474282 | E63: 0.31377165 | F63: 0.05 | G63: 0.21388613
A64: 2026 | B64: 0.05 | C64: 0.05 | D64: 0.036648493 | E64: 0.26776398 | F64: 0.05 | G64: 0.16407305
A65: Qtr1 | B65: 0.05 | C65: 0.05 | D65: 0.017759612 | E65: 0.25442746 | F65: 0.05 | G65: 0.12981235
A66: Jan | B66: 0.05 | C66: 0.05 | D66: 0.011230144 | E66: 0.30580614 | F66: 0.05 | G66: 0.174264
A67: 46023 | B67: 0.05 | C67: 0.05 | D67: 0.011230144 | E67: 0.30580614 | F67: 0.05 | G67: 0.174264
A68: Feb | B68: 0.05 | C68: 0.05 | D68: 0.012748829 | E68: 0.20315484 | F68: 0.05 | G68: 0.082526855
A69: 46054 | B69: 0.05 | C69: 0.05 | D69: 0.012748829 | E69: 0.20315484 | F69: 0.05 | G69: 0.082526855
A70: Mar | B70: 0.05 | C70: 0.05 | D70: 0.036883209 | E70: 0.23676149 | F70: 0.05 | G70: 0.14318213
A71: 46082 | B71: 0.05 | C71: 0.05 | D71: 0.036883209 | E71: 0.23676149 | F71: 0.05 | G71: 0.14318213
A72: Qtr2 | B72: 0.05 | C72: 0.05 | D72: 0.046811229 | E72: 0.27372457 | F72: 0.05 | G72: 0.17052014
A73: Apr | B73: 0.05 | C73: 0.05 | D73: 0.074877867 | E73: 0.23607043 | F73: 0.05 | G73: 0.18272196
A74: 46113 | B74: 0.05 | C74: 0.05 | D74: 0.074877867 | E74: 0.23607043 | F74: 0.05 | G74: 0.18272196
A75: May | B75: 0.05 | C75: 0.05 | D75: 0.04104845 | E75: 0.32927021 | F75: 0.05 | G75: 0.17868828
A76: 46143 | B76: 0.05 | C76: 0.05 | D76: 0.04104845 | E76: 0.32927021 | F76: 0.05 | G76: 0.17868828
A77: Jun | B77: 0.05 | C77: 0.05 | D77: 0.030874759 | E77: 0.26680932 | F77: 0.05 | G77: 0.14224595
A78: 46174 | B78: 0.05 | C78: 0.05 | D78: 0.030874759 | E78: 0.26680932 | F78: 0.05 | G78: 0.14224595
A79: Qtr3 | B79: 0.05 | C79: 0.05 | D79: -0.10683641 | E79: 0.29326882 | F79: 0.05 | G79: 0.46677452
A80: Jul | B80: 0.05 | C80: 0.05 | D80: -0.10683641 | E80: 0.29326882 | F80: 0.05 | G80: 0.46677452
A81: 46204 | B81: 0.05 | C81: 0.05 | D81: -0.10683641 | E81: 0.29326882 | F81: 0.05 | G81: 0.46677452
A82: Grand Total | B82: 0.05 | C82: 0.05 | D82: 0.018029941 | E82: 0.16495229 | F82: 0.05 | G82: 0.090647616

Sheet Untagged BIM 12 mo Trend
B3: Column Labels
B4: Untagged Target | E4: Untagged vs Loss | H4: Total Untagged Target | I4: Total Untagged vs Loss
A5: Row Labels | B5: BA | C5: KA | D5: SD | E5: BA | F5: KA | G5: SD
A6: 2024 | B6: 0.05 | C6: 0.05 | D6: 0.05 | E6: 0.29104245 | F6: 0.010086261 | G6: 0.044519672 | H6: 0.05 | I6: 0.081903112
A7: Qtr1 | B7: 0.05 | C7: 0.05 | D7: 0.05 | E7: 0.12599979 | F7: 0.0072775295 | G7: 0.089450517 | H7: 0.05 | I7: 0.068705311
A8: Jan | B8: 0.05 | C8: 0.05 | D8: 0.05 | E8: 0.096714432 | F8: 0.0074610675 | G8: 0.073912007 | H8: 0.05 | I8: 0.053070173
A9: 45292 | B9: 0.05 | C9: 0.05 | D9: 0.05 | E9: 0.096714432 | F9: 0.0074610675 | G9: 0.073912007 | H9: 0.05 | I9: 0.053070173
A10: Feb | B10: 0.05 | C10: 0.05 | D10: 0.05 | E10: 0.10321043 | F10: 0.0077197189 | G10: 0.11954753 | H10: 0.05 | I10: 0.078347617
A11: 45323 | B11: 0.05 | C11: 0.05 | D11: 0.05 | E11: 0.10321043 | F11: 0.0077197189 | G11: 0.11954753 | H11: 0.05 | I11: 0.078347617
A12: Mar | B12: 0.05 | C12: 0.05 | D12: 0.05 | E12: 0.1627784 | F12: 0.0065884965 | G12: 0.07592186 | H12: 0.05 | I12: 0.074746276
A13: 45352 | B13: 0.05 | C13: 0.05 | D13: 0.05 | E13: 0.1627784 | F13: 0.0065884965 | G13: 0.07592186 | H13: 0.05 | I13: 0.074746276
A14: Qtr2 | B14: 0.05 | C14: 0.05 | D14: 0.05 | E14: 0.1233953 | F14: 0.0052020568 | G14: 0.064791011 | H14: 0.05 | I14: 0.054374417
A15: Apr | B15: 0.05 | C15: 0.05 | D15: 0.05 | E15: 0.078698539 | F15: 0.0051474081 | G15: 0.05988587 | H15: 0.05 | I15: 0.042926123
A16: 45383 | B16: 0.05 | C16: 0.05 | D16: 0.05 | E16: 0.078698539 | F16: 0.0051474081 | G16: 0.05988587 | H16: 0.05 | I16: 0.042926123
A17: May | B17: 0.05 | C17: 0.05 | D17: 0.05 | E17: 0.16367982 | F17: 0.0024244535 | G17: 0.02937915 | H17: 0.05 | I17: 0.04632623
A18: 45413 | B18: 0.05 | C18: 0.05 | D18: 0.05 | E18: 0.16367982 | F18: 0.0024244535 | G18: 0.02937915 | H18: 0.05 | I18: 0.04632623
A19: Jun | B19: 0.05 | C19: 0.05 | D19: 0.05 | E19: 0.11882865 | F19: 0.0091298943 | G19: 0.10404281 | H19: 0.05 | I19: 0.07519311
A20: 45444 | B20: 0.05 | C20: 0.05 | D20: 0.05 | E20: 0.11882865 | F20: 0.0091298943 | G20: 0.10404281 | H20: 0.05 | I20: 0.07519311
A21: Qtr3 | B21: 0.05 | C21: 0.05 | D21: 0.05 | E21: 0.36518364 | F21: 0.012371931 | G21: 0.017398877 | H21: 0.05 | I21: 0.085738381
A22: Jul | B22: 0.05 | C22: 0.05 | D22: 0.05 | E22: 0.1031732 | F22: 0.0033872789 | G22: 0.02545857 | H22: 0.05 | I22: 0.030848503
A23: 45474 | B23: 0.05 | C23: 0.05 | D23: 0.05 | E23: 0.1031732 | F23: 0.0033872789 | G23: 0.02545857 | H23: 0.05 | I23: 0.030848503
A24: Aug | B24: 0.05 | C24: 0.05 | D24: 0.05 | E24: 0.60852347 | F24: 0.030323796 | G24: 0.0090481047 | H24: 0.05 | I24: 0.1527068
A25: 45505 | B25: 0.05 | C25: 0.05 | D25: 0.05 | E25: 0.60852347 | F25: 0.030323796 | G25: 0.0090481047 | H25: 0.05 | I25: 0.1527068
A26: Sep | B26: 0.05 | C26: 0.05 | D26: 0.05 | E26: 0.32493252 | F26: 0.0058408358 | G26: 0.018299569 | H26: 0.05 | I26: 0.074134804
A27: 45536 | B27: 0.05 | C27: 0.05 | D27: 0.05 | E27: 0.32493252 | F27: 0.0058408358 | G27: 0.018299569 | H27: 0.05 | I27: 0.074134804
A28: Qtr4 | B28: 0.05 | C28: 0.05 | D28: 0.05 | E28: 0.4810537 | F28: 0.016214175 | G28: 0.025639339 | H28: 0.05 | I28: 0.11124848
A29: Oct | B29: 0.05 | C29: 0.05 | D29: 0.05 | E29: 0.37589367 | F29: 0.030981206 | G29: 0.019810874 | H29: 0.05 | I29: 0.087870609
A30: 45566 | B30: 0.05 | C30: 0.05 | D30: 0.05 | E30: 0.37589367 | F30: 0.030981206 | G30: 0.019810874 | H30: 0.05 | I30: 0.087870609
A31: Nov | B31: 0.05 | C31: 0.05 | D31: 0.05 | E31: 0.359672 | F31: 0.01692878 | G31: 0.017159563 | H31: 0.05 | I31: 0.082786142
A32: 45597 | B32: 0.05 | C32: 0.05 | D32: 0.05 | E32: 0.359672 | F32: 0.01692878 | G32: 0.017159563 | H32: 0.05 | I32: 0.082786142
A33: Dec | B33: 0.05 | C33: 0.05 | D33: 0.05 | E33: 0.6555922 | F33: 0.0055847753 | G33: 0.039570883 | H33: 0.05 | I33: 0.15417261
A34: 45627 | B34: 0.05 | C34: 0.05 | D34: 0.05 | E34: 0.6555922 | F34: 0.0055847753 | G34: 0.039570883 | H34: 0.05 | I34: 0.15417261
A35: 2025 | B35: 0.05 | C35: 0.05 | D35: 0.05 | E35: 0.40617209 | F35: 0.046201743 | G35: 0.11132525 | H35: 0.05 | I35: 0.15127643
A36: Qtr1 | B36: 0.05 | C36: 0.05 | D36: 0.05 | E36: 0.47483223 | F36: 0.031350307 | G36: 0.09869106 | H36: 0.05 | I36: 0.1741393
A37: Jan | B37: 0.05 | C37: 0.05 | D37: 0.05 | E37: 0.59664733 | F37: 0.019562784 | G37: 0.096894851 | H37: 0.05 | I37: 0.22217242
A38: 45658 | B38: 0.05 | C38: 0.05 | D38: 0.05 | E38: 0.59664733 | F38: 0.019562784 | G38: 0.096894851 | H38: 0.05 | I38: 0.22217242
A39: Feb | B39: 0.05 | C39: 0.05 | D39: 0.05 | E39: 0.30200989 | F39: 0.022782099 | G39: 0.12219494 | H39: 0.05 | I39: 0.14023738
A40: 45689 | B40: 0.05 | C40: 0.05 | D40: 0.05 | E40: 0.30200989 | F40: 0.022782099 | G40: 0.12219494 | H40: 0.05 | I40: 0.14023738
A41: Mar | B41: 0.05 | C41: 0.05 | D41: 0.05 | E41: 0.46113065 | F41: 0.053352369 | G41: 0.07921971 | H41: 0.05 | I41: 0.15496493
A42: 45717 | B42: 0.05 | C42: 0.05 | D42: 0.05 | E42: 0.46113065 | F42: 0.053352369 | G42: 0.07921971 | H42: 0.05 | I42: 0.15496493
A43: Qtr2 | B43: 0.05 | C43: 0.05 | D43: 0.05 | E43: 0.28259999 | F43: 0.027293868 | G43: 0.064466523 | H43: 0.05 | I43: 0.093841649
A44: Apr | B44: 0.05 | C44: 0.05 | D44: 0.05 | E44: 0.23897114 | F44: 0.026179054 | G44: 0.044820315 | H44: 0.05 | I44: 0.086306532
A45: 45748 | B45: 0.05 | C45: 0.05 | D45: 0.05 | E45: 0.23897114 | F45: 0.026179054 | G45: 0.044820315 | H45: 0.05 | I45: 0.086306532
A46: May | B46: 0.05 | C46: 0.05 | D46: 0.05 | E46: 0.33691636 | F46: 0.029171955 | G46: 0.086405695 | H46: 0.05 | I46: 0.10730995
A47: 45778 | B47: 0.05 | C47: 0.05 | D47: 0.05 | E47: 0.33691636 | F47: 0.029171955 | G47: 0.086405695 | H47: 0.05 | I47: 0.10730995
A48: Jun | B48: 0.05 | C48: 0.05 | D48: 0.05 | E48: 0.30618893 | F48: 0.026097229 | G48: 0.060061514 | H48: 0.05 | I48: 0.086680568
A49: 45809 | B49: 0.05 | C49: 0.05 | D49: 0.05 | E49: 0.30618893 | F49: 0.026097229 | G49: 0.060061514 | H49: 0.05 | I49: 0.086680568
A50: Qtr3 | B50: 0.05 | C50: 0.05 | D50: 0.05 | E50: 0.37839581 | F50: 0.072679604 | G50: 0.11831426 | H50: 0.05 | I50: 0.15554721
A51: Jul | B51: 0.05 | C51: 0.05 | D51: 0.05 | E51: 0.32317621 | F51: 0.16816901 | G51: 0.12560973 | H51: 0.05 | I51: 0.15982292
A52: 45839 | B52: 0.05 | C52: 0.05 | D52: 0.05 | E52: 0.32317621 | F52: 0.16816901 | G52: 0.12560973 | H52: 0.05 | I52: 0.15982292
A53: Aug | B53: 0.05 | C53: 0.05 | D53: 0.05 | E53: 0.38484125 | F53: 0.031218671 | G53: 0.065062177 | H53: 0.05 | I53: 0.14524743
A54: 45870 | B54: 0.05 | C54: 0.05 | D54: 0.05 | E54: 0.38484125 | F54: 0.031218671 | G54: 0.065062177 | H54: 0.05 | I54: 0.14524743
A55: Sep | B55: 0.05 | C55: 0.05 | D55: 0.05 | E55: 0.42711897 | F55: 0.034334013 | G55: 0.17241422 | H55: 0.05 | I55: 0.1651346
A56: 45901 | B56: 0.05 | C56: 0.05 | D56: 0.05 | E56: 0.42711897 | F56: 0.034334013 | G56: 0.17241422 | H56: 0.05 | I56: 0.1651346
A57: Qtr4 | B57: 0.05 | C57: 0.05 | D57: 0.05 | E57: 0.47176317 | F57: 0.050463763 | G57: 0.16251401 | H57: 0.05 | I57: 0.1790133
A58: Oct | B58: 0.05 | C58: 0.05 | D58: 0.05 | E58: 0.45676863 | F58: 0.064757455 | G58: 0.13502557 | H58: 0.05 | I58: 0.15046093
A59: 45931 | B59: 0.05 | C59: 0.05 | D59: 0.05 | E59: 0.45676863 | F59: 0.064757455 | G59: 0.13502557 | H59: 0.05 | I59: 0.15046093
A60: Nov | B60: 0.05 | C60: 0.05 | D60: 0.05 | E60: 0.51944311 | F60: 0.032785433 | G60: 0.15739895 | H60: 0.05 | I60: 0.21002075
A61: 45962 | B61: 0.05 | C61: 0.05 | D61: 0.05 | E61: 0.51944311 | F61: 0.032785433 | G61: 0.15739895 | H61: 0.05 | I61: 0.21002075
A62: Dec | B62: 0.05 | C62: 0.05 | D62: 0.05 | E62: 0.35183787 | F62: 0.046283796 | G62: 0.19167136 | H62: 0.05 | I62: 0.17387767
A63: 45992 | B63: 0.05 | C63: 0.05 | D63: 0.05 | E63: 0.35183787 | F63: 0.046283796 | G63: 0.19167136 | H63: 0.05 | I63: 0.17387767
A64: 2026 | B64: 0.05 | C64: 0.05 | D64: 0.05 | E64: 0.31458413 | F64: 0.044152082 | G64: 0.24304 | H64: 0.05 | I64: 0.22272878
A65: Qtr1 | B65: 0.05 | C65: 0.05 | D65: 0.05 | E65: 0.25666045 | F65: 0.023847309 | G65: 0.17138836 | H65: 0.05 | I65: 0.15618404
A66: Jan | B66: 0.05 | C66: 0.05 | D66: 0.05 | E66: 0.41771532 | F66: 0.021116909 | G66: 0.18911456 | H66: 0.05 | I66: 0.20776385
A67: 46023 | B67: 0.05 | C67: 0.05 | D67: 0.05 | E67: 0.41771532 | F67: 0.021116909 | G67: 0.18911456 | H67: 0.05 | I67: 0.20776385
A68: Feb | B68: 0.05 | C68: 0.05 | D68: 0.05 | E68: 0.17275148 | F68: 0.018876928 | G68: 0.19862488 | H68: 0.05 | I68: 0.12734533
A69: 46054 | B69: 0.05 | C69: 0.05 | D69: 0.05 | E69: 0.17275148 | F69: 0.018876928 | G69: 0.19862488 | H69: 0.05 | I69: 0.12734533
A70: Mar | B70: 0.05 | C70: 0.05 | D70: 0.05 | E70: 0.16769201 | F70: 0.032257741 | G70: 0.13686388 | H70: 0.05 | I70: 0.12177043
A71: 46082 | B71: 0.05 | C71: 0.05 | D71: 0.05 | E71: 0.16769201 | F71: 0.032257741 | G71: 0.13686388 | H71: 0.05 | I71: 0.12177043
A72: Qtr2 | B72: 0.05 | C72: 0.05 | D72: 0.05 | E72: 0.40423009 | F72: 0.03772517 | G72: 0.28518105 | H72: 0.05 | I72: 0.26798088
A73: Apr | B73: 0.05 | C73: 0.05 | D73: 0.05 | E73: 0.5953192 | F73: 0.034421963 | G73: 0.29890905 | H73: 0.05 | I73: 0.33205292
A74: 46113 | B74: 0.05 | C74: 0.05 | D74: 0.05 | E74: 0.5953192 | F74: 0.034421963 | G74: 0.29890905 | H74: 0.05 | I74: 0.33205292
A75: May | B75: 0.05 | C75: 0.05 | D75: 0.05 | E75: 0.13679494 | F75: 0.042922585 | G75: 0.17303905 | H75: 0.05 | I75: 0.13809819
A76: 46143 | B76: 0.05 | C76: 0.05 | D76: 0.05 | E76: 0.13679494 | F76: 0.042922585 | G76: 0.17303905 | H76: 0.05 | I76: 0.13809819
A77: Jun | B77: 0.05 | C77: 0.05 | D77: 0.05 | E77: 0.4616195 | F77: 0.033172792 | G77: 0.39842124 | H77: 0.05 | I77: 0.35346673
A78: 46174 | B78: 0.05 | C78: 0.05 | D78: 0.05 | E78: 0.4616195 | F78: 0.033172792 | G78: 0.39842124 | H78: 0.05 | I78: 0.35346673
A79: Qtr3 | B79: 0.05 | C79: 0.05 | D79: 0.05 | E79: 0.22605881 | F79: 0.54177512 | G79: 0.3211635 | H79: 0.05 | I79: 0.30575915
A80: Jul | B80: 0.05 | C80: 0.05 | D80: 0.05 | E80: 0.22605881 | F80: 0.54177512 | G80: 0.3211635 | H80: 0.05 | I80: 0.30575915
A81: 46204 | B81: 0.05 | C81: 0.05 | D81: 0.05 | E81: 0.22605881 | F81: 0.54177512 | G81: 0.3211635 | H81: 0.05 | I81: 0.30575915
A82: Grand Total | B82: 0.05 | C82: 0.05 | D82: 0.05 | E82: 0.33377441 | F82: 0.025846596 | G82: 0.11368355 | H82: 0.05 | I82: 0.13487688

Sheet 12 mo trend losses
A3: Row Labels | B3: OEE % | C3: Uptime % | D3: Target OEE | E3: Output | F3: Technical Loss % | G3: Non-Technical Loss %
A4: Keifel12 (979) | B4: 0.62361395 | C4: 0.6360657 | D4: 19.406 | E4: 29091284 | F4: 0.18616024 | G4: 0.03280904
A5: 2024 | B5: 0.58188757 | C5: 0.66674294 | D5: 7.512 | E5: 12122862 | F5: 0.17152706 | G5: 0.037074563
A6: Qtr1 | B6: 0.58631845 | C6: 0.68253663 | D6: 1.878 | E6: 3066410 | F6: 0.1478284 | G6: 0.051647509
A7: Jan | B7: 0.55244016 | C7: 0.66044355 | D7: 0.626 | E7: 1001585 | F7: 0.14273027 | G7: 0.072612704
A8: 45292 | B8: 0.55244016 | C8: 0.66044355 | D8: 0.626 | E8: 1001585 | F8: 0.14273027 | G8: 0.072612704
A9: Feb | B9: 0.64729951 | C9: 0.71126437 | D9: 0.626 | E9: 1009617 | F9: 0.12157825 | G9: 0.02264048
A10: 45323 | B10: 0.64729951 | C10: 0.71126437 | D10: 0.626 | E10: 1009617 | F10: 0.12157825 | G10: 0.02264048
A11: Mar | B11: 0.56639767 | C11: 0.67775538 | D11: 0.626 | E11: 1055208 | F11: 0.17630956 | G11: 0.056217742
A12: 45352 | B12: 0.56639767 | C12: 0.67775538 | D12: 0.626 | E12: 1055208 | F12: 0.17630956 | G12: 0.056217742
A13: Qtr2 | B13: 0.56126588 | C13: 0.68721154 | D13: 1.878 | E13: 3058082 | F13: 0.17974131 | G13: 0.03016895
A14: Apr | B14: 0.53888287 | C14: 0.68554167 | D14: 0.626 | E14: 971929 | F14: 0.20622468 | G14: 0.032977692
A15: 45383 | B15: 0.53888287 | C15: 0.68554167 | D15: 0.626 | E15: 971929 | F15: 0.20622468 | G15: 0.032977692
A16: May | B16: 0.56606128 | C16: 0.67260753 | D16: 0.626 | E16: 1025813 | F16: 0.17404028 | G16: 0.032162736
A17: 45413 | B17: 0.56606128 | C17: 0.67260753 | D17: 0.626 | E17: 1025813 | F17: 0.17404028 | G17: 0.032162736
A18: Jun | B18: 0.57910168 | C18: 0.70397222 | D18: 0.626 | E18: 1060340 | F18: 0.15866551 | G18: 0.025317735
A19: 45444 | B19: 0.57910168 | C19: 0.70397222 | D19: 0.626 | E19: 1060340 | F19: 0.15866551 | G19: 0.025317735
A20: Qtr3 | B20: 0.59464954 | C20: 0.69132246 | D20: 1.878 | E20: 3215193 | F20: 0.15892875 | G20: 0.033506607
A21: Jul | B21: 0.60457345 | C21: 0.68263441 | D21: 0.626 | E21: 1081539 | F21: 0.14539007 | G21: 0.045034002
A22: 45474 | B22: 0.60457345 | C22: 0.68263441 | D22: 0.626 | E22: 1081539 | F22: 0.14539007 | G22: 0.045034002
A23: Aug | B23: 0.60899042 | C23: 0.70733871 | D23: 0.626 | E23: 1111559 | F23: 0.15338344 | G23: 0.034350983
A24: 45505 | B24: 0.60899042 | C24: 0.70733871 | D24: 0.626 | E24: 1111559 | F24: 0.15338344 | G24: 0.034350983
A25: Sep | B25: 0.56989122 | C25: 0.68375 | D25: 0.626 | E25: 1022095 | F25: 0.1782226 | G25: 0.021084337
A26: 45536 | B26: 0.56989122 | C26: 0.68375 | D26: 0.626 | E26: 1022095 | F26: 0.1782226 | G26: 0.021084337
A27: Qtr4 | B27: 0.58574594 | C27: 0.60629529 | D27: 1.878 | E27: 2783177 | F27: 0.20052436 | G27: 0.033119837
A28: Oct | B28: 0.59073088 | C28: 0.68467742 | D28: 0.626 | E28: 1070855 | F28: 0.15281593 | G28: 0.040378892
A29: 45566 | B29: 0.59073088 | C29: 0.68467742 | D29: 0.626 | E29: 1070855 | F29: 0.15281593 | G29: 0.040378892
A30: Nov | B30: 0.5409232 | C30: 0.54469444 | D30: 0.626 | E30: 791171 | F30: 0.21972783 | G30: 0.03111262
A31: 45597 | B31: 0.5409232 | C31: 0.54469444 | D31: 0.626 | E31: 791171 | F31: 0.21972783 | G31: 0.03111262
A32: Dec | B32: 0.62280501 | C32: 0.58752688 | D32: 0.626 | E32: 921151 | F32: 0.23332264 | G32: 0.02726453
A33: 45627 | B33: 0.62280501 | C33: 0.58752688 | D33: 0.626 | E33: 921151 | F33: 0.23332264 | G33: 0.02726453
A34: 2025 | B34: 0.68377919 | C34: 0.67135246 | D34: 7.512 | E34: 12549117 | F34: 0.17717133 | G34: 0.033612349
A35: Qtr1 | B35: 0.63288979 | C35: 0.63441392 | D35: 1.878 | E35: 2820528 | F35: 0.2061387 | G35: 0.031104076
A36: Jan | B36: 0.63243879 | C36: 0.63170699 | D36: 0.626 | E36: 942319 | F36: 0.1946066 | G36: 0.045308007
A37: 45658 | B37: 0.63243879 | C37: 0.63170699 | D37: 0.626 | E37: 942319 | F37: 0.1946066 | G37: 0.045308007
A38: Feb | B38: 0.58399882 | C38: 0.56163793 | D38: 0.626 | E38: 806793 | F38: 0.26700268 | G38: 0.023253911
A39: 45689 | B39: 0.58399882 | C39: 0.56163793 | D39: 0.626 | E39: 806793 | F39: 0.26700268 | G39: 0.023253911
A40: Mar | B40: 0.67470564 | C40: 0.70520161 | D40: 0.626 | E40: 1071416 | F40: 0.16561851 | G40: 0.024200028
A41: 45717 | B41: 0.67470564 | C41: 0.70520161 | D41: 0.626 | E41: 1071416 | F41: 0.16561851 | G41: 0.024200028
A42: Qtr2 | B42: 0.69740653 | C42: 0.69407967 | D42: 1.878 | E42: 3243106 | F42: 0.16014669 | G42: 0.03588818
A43: Apr | B43: 0.72452496 | C43: 0.728125 | D43: 0.626 | E43: 1108921 | F43: 0.12776413 | G43: 0.033016879
A44: 45748 | B44: 0.72452496 | C44: 0.728125 | D44: 0.626 | E44: 1108921 | F44: 0.12776413 | G44: 0.033016879
A45: May | B45: 0.64451549 | C45: 0.65231183 | D45: 0.626 | E45: 1033072 | F45: 0.20155244 | G45: 0.037415013
A46: 45778 | B46: 0.64451549 | C46: 0.65231183 | D46: 0.626 | E46: 1033072 | F46: 0.20155244 | G46: 0.037415013
A47: Jun | B47: 0.72549993 | C47: 0.70319444 | D47: 0.626 | E47: 1101113 | F47: 0.14935947 | G47: 0.037175536
A48: 45809 | B48: 0.72549993 | C48: 0.70319444 | D48: 0.626 | E48: 1101113 | F48: 0.14935947 | G48: 0.037175536
A49: Qtr3 | B49: 0.66678911 | C49: 0.65100091 | D49: 1.878 | E49: 3076639 | F49: 0.21244055 | G49: 0.032711417
A50: Jul | B50: 0.66083728 | C50: 0.61869624 | D50: 0.626 | E50: 1006569 | F50: 0.22447761 | G50: 0.037116855
A51: 45839 | B51: 0.66083728 | C51: 0.61869624 | D51: 0.626 | E51: 1006569 | F51: 0.22447761 | G51: 0.037116855
A52: Aug | B52: 0.65443808 | C52: 0.65633065 | D52: 0.626 | E52: 1035656 | F52: 0.22980563 | G52: 0.027875668
A53: 45870 | B53: 0.65443808 | C53: 0.65633065 | D53: 0.626 | E53: 1035656 | F53: 0.22980563 | G53: 0.027875668
A54: Sep | B54: 0.68590964 | C54: 0.678875 | D54: 0.626 | E54: 1034414 | F54: 0.18186876 | G54: 0.033425083
A55: 45901 | B55: 0.68590964 | C55: 0.678875 | D55: 0.626 | E55: 1034414 | F55: 0.18186876 | G55: 0.033425083
A56: Qtr4 | B56: 0.73683678 | C56: 0.70576087 | D56: 1.878 | E56: 3408844 | F56: 0.13042912 | G56: 0.034675977
A57: Oct | B57: 0.71994177 | C57: 0.71803763 | D57: 0.626 | E57: 1189176 | F57: 0.14769903 | G57: 0.027177719
A58: 45931 | B58: 0.71994177 | C58: 0.71803763 | D58: 0.626 | E58: 1189176 | F58: 0.14769903 | G58: 0.027177719
A59: Nov | B59: 0.76976976 | C59: 0.73191667 | D59: 0.626 | E59: 1141199 | F59: 0.10208888 | G59: 0.051958691
A60: 45962 | B60: 0.76976976 | C60: 0.73191667 | D60: 0.626 | E60: 1141199 | F60: 0.10208888 | G60: 0.051958691
A61: Dec | B61: 0.72141152 | C61: 0.66817204 | D61: 0.626 | E61: 1078469 | F61: 0.14069911 | G61: 0.025076286
A62: 45992 | B62: 0.72141152 | C62: 0.66817204 | D62: 0.626 | E62: 1078469 | F62: 0.14069911 | G62: 0.025076286
A63: 2026 | B63: 0.58537244 | C63: 0.52271909 | D63: 4.382 | E63: 4419305 | F63: 0.23336074 | G63: 0.022710354
A64: Qtr1 | B64: 0.69545674 | C64: 0.45126832 | D64: 1.878 | E64: 2060320 | F64: 0.16111297 | G64: 0.017883279
A65: Jan | B65: 0.66408618 | C65: 0.62634409 | D65: 0.626 | E65: 941181 | F65: 0.17026535 | G65: 0.012855788
A66: 46023 | B66: 0.66408618 | C66: 0.62634409 | D66: 0.626 | E66: 941181 | F66: 0.17026535 | G66: 0.012855788
A67: Feb | B67: 0.71434811 | C67: 0.33627874 | D67: 0.626 | E67: 521274 | F67: 0.17826724 | G67: 0.026612174
A68: 46054 | B68: 0.71434811 | C68: 0.33627874 | D68: 0.626 | E68: 521274 | F68: 0.17826724 | G68: 0.026612174
A69: Mar | B69: 0.7324209 | C69: 0.38376344 | D69: 0.626 | E69: 597865 | F69: 0.13131657 | G69: 0.019024939
A70: 46082 | B70: 0.7324209 | C70: 0.38376344 | D70: 0.626 | E70: 597865 | F70: 0.13131657 | G70: 0.019024939
A71: Qtr2 | B71: 0.52034479 | C71: 0.56853022 | D71: 1.878 | E71: 2358985 | F71: 0.27768265 | G71: 0.024132227
A72: Apr | B72: 0.42992024 | C72: 0.46651389 | D72: 0.626 | E72: 612505 | F72: 0.32613894 | G72: 0.035992533
A73: 46113 | B73: 0.42992024 | C73: 0.46651389 | D73: 0.626 | E73: 612505 | F73: 0.32613894 | G73: 0.035992533
A74: May | B74: 0.58015856 | C74: 0.61939516 | D74: 0.626 | E74: 890526 | F74: 0.24650249 | G74: 0.018199677
A75: 46143 | B75: 0.58015856 | C75: 0.61939516 | D75: 0.626 | E75: 890526 | F75: 0.24650249 | G75: 0.018199677
A76: Jun | B76: 0.54297118 | C76: 0.61798611 | D76: 0.626 | E76: 855954 | F76: 0.26467757 | G76: 0.019235124
A77: 46174 | B77: 0.54297118 | C77: 0.61798611 | D77: 0.626 | E77: 855954 | F77: 0.26467757 | G77: 0.019235124
A78: Qtr3 | B78: 0.56567453 | C78: 0.59798387 | D78: 0.626 | F78: 0.24141146 | G78: 0.02781324
A79: Jul | B79: 0.56567453 | C79: 0.59798387 | D79: 0.626 | F79: 0.24141146 | G79: 0.02781324
A80: 46204 | B80: 0.56567453 | C80: 0.59798387 | D80: 0.626 | F80: 0.24141146 | G80: 0.02781324
A81: Grand Total | B81: 0.62361395 | C81: 0.6360657 | D81: 19.406 | E81: 29091284 | F81: 0.18616024 | G81: 0.03280904

Sheet DT Waterfall
A58: Row Labels | B58: Avail Hours | C58: Uptime | D58: Technical Loss | E58: Non-Technical Loss | F58: Untagged | G58: Material Replenish | H58: Wait for Support | I58: Changeover | J58: Planned Loss | K58: PM & Protocol Hrs | L58: TEEP % | M58: OEE %
A59: Keifel12 (979) | B59: 4368 | C59: 2227.24 | D59: 790.92 | E59: 73.96 | F59: 177.39 | G59: 70.74 | H59: 2.47 | I59: 70.59 | J59: 138.5 | K59: 815.98 | L59: 0.50989927 | M59: 0.58939563
A60: Kiefel 14 | B60: 4368 | C60: 2632.47 | D60: 849.06 | E60: 85.94 | F60: 274.49 | G60: 220.36 | H60: 7 | I60: 76.45 | J60: 132.91 | K60: 65.44 | L60: 0.6026717 | M60: 0.53456415
A61: PCH17 | B61: 2928 | C61: 1543.09 | D61: 588.8 | E61: 239.54 | F61: 20.31 | G61: 155.99 | H61: 138.84 | I61: 28.22 | J61: 74.01 | K61: 250.02 | L61: 0.52701161 | M61: 0.45938728
A62: Grand Total | B62: 11664 | C62: 6402.8 | D62: 2228.78 | E62: 399.44 | F62: 472.19 | G62: 447.09 | H62: 148.31 | I62: 175.26 | J62: 345.42 | K62: 1131.44 | L62: 0.5489369 | M62: 0.53291603

Sheet DT Pie Chart
B3: Column Labels
A4: Values | B4: Kiefel 3
A5: Sum of Uptime | B5: 459.83
A6: Sum of Technical Loss | B6: 127.53
A7: Sum of Non-Technical Loss | B7: 16.98
A8: Sum of Untagged | B8: 81.75
A9: Sum of Material Replenish | B9: 40.28
A10: Sum of Wait for Support | B10: 1.34
A11: Sum of Changeover | B11: 6.06
A12: Sum of Planned Loss | B12: 7.9
A13: Sum of PM & Protocol Hrs | B13: 2.35

Sheet Plant Dashboard
A1: Plant | B1: SD
A3: Row Labels | B3: Average of Performance Ratio | C3: Average of Quality Loss % | D3: Average of OEE % | E3: Average of Technical Loss % | F3: Average of Non-Technical Loss % | G3: Average of Material Replenish % | H3: Average of Untagged %
A4: 1Pc Autocoiner 1 (789) | B4: 0.91463149 | C4: 0.0025715157 | D4: 0.50124217 | E4: 0.38138339 | F4: 0.022068545 | G4: 0 | H4: 0.0015981171
A5: 1Pc Autocoiner 2 (844) | B5: 0.91735537 | C5: 0.0051058741 | D5: 0.51284135 | E5: 0.36754627 | F5: 0.023030099 | G5: 0 | H5: 0.0045998865
A6: 1pc Autocoiner 9 (34753) | B6: 0.95161085 | C6: 0.013257495 | D6: 0.47670388 | E6: 0.29828657 | F6: 0.13359367 | G6: 0.00070744372 | H6: 0.013469728
A7: 2Pc Autocoiner 3 (796) | B7: 1.0234855 | C7: 0.036957307 | D7: 0.74496542 | E7: 0.12970473 | F7: 0.045720952 | G7: 0.0014860698 | H7: 0.054748479
A8: 2Pc Autocoiner 4 (843) | B8: 0.93902096 | C8: 0.057082571 | D8: 0.69102546 | E8: 0.12928682 | F8: 0.011365874 | G8: 0.0020115347 | H8: 0.048248699
A9: 2Pc Autocoiner 5 (858) | B9: 0.9166064 | C9: 0.076703755 | D9: 0.58450626 | E9: 0.14178025 | F9: 0.02449235 | G9: 0.013337969 | H9: 0.070723227
A10: 2Pc Autocoiner 7 (996) | B10: 0.92257776 | C10: 0.016787842 | D10: 0.75129432 | E10: 0.091558632 | F10: 0.012085014 | G10: 0.0018560125 | H10: 0.040190346
A11: BIM 1 (815) | B11: 1.0045536 | C11: 0.0019932263 | D11: 0.22709815 | E11: 0.084379912 | F11: 0.14843864 | G11: 0.04331621 | H11: 0.49932749
A12: BIM 10 (997) | B12: 0.93721783 | C12: 0.0009623958 | D12: 0.49021328 | E12: 0.012341311 | F12: 0.1300225 | G12: 0.012553604 | H12: 0.26502682
A13: BIM 11 (991) | B13: 0.96231166 | C13: 0.0079906588 | D13: 0.66148024 | E13: 0.032989604 | F13: 0.13961144 | G13: 0.077599426 | H13: 0.025111489
A14: BIM 17 | B14: 0.99859722 | C14: 0.012791667 | D14: 0.40709722 | E14: 0.48290278 | F14: 0.015555556 | G14: 0.055041667 | H14: 0.021069444
A15: BIM 2 (820) | B15: 0.98135927 | C15: 0.0023021864 | D15: 0.29401013 | E15: 0.3378912 | F15: 0.13979155 | G15: 0.040225475 | H15: 0.15917177
... A27: Grand Total | B27: 0.96080009 | C27: 0.018363827 | D27: 0.5483018 | E27: 0.16217758 | F27: 0.064943144 | G27: 0.038880447 | H27: 0.073065474

Sheet Platform Dashboard
A9: Row Labels | B9: Target OEE% | C9: OEE % | D9: Uptime % | E9: Technical Loss % | F9: Non-Tech Loss % | G9: Untagged % | H9: Technical OEE % | I9: Sum of Output | J9: Sum of Target Output
A10: BA
A11: HolDrainable
A12: Kiefel 14 | B12: 0.54082676 | C12: 0.53716997 | D12: 0.61047144 | E12: 0.1992048 | F12: 0.020688396 | G12: 0.06791842 | H12: 0.57587361 | I12: 4929550
A13: Kiefel 3 | B13: 0.53923366 | C13: 0.53173953 | D13: 0.62514476 | E13: 0.18333837 | F13: 0.017308651 | G13: 0.085580328 | H13: 0.58041846 | I13: 4824179
A14: Kiefel 9 | B14: 0.56813721 | C14: 0.57786147 | D14: 0.64549296 | E14: 0.18090931 | F14: 0.027113717 | G14: 0.060108221 | H14: 0.61909431 | I14: 5297880
A15: KA
A16: HolDrainable
A17: PCH17 | B17: 0 | C17: 0.42949358 | D17: 0.49220861 | E17: 0.21373102 | F17: 0.11987239 | G17: 0.0081082611 | H17: 0.48353226 | I17: 3228722
A18: SD
A19: HolDrainable
A20: Keifel11 (978) | B20: 0.61782149 | C20: 0.58448833 | D20: 0.65218114 | E20: 0.22929798 | F20: 0.035908058 | G20: 0.014383502 | H20: 0.60301957 | I20: 5955667
A21: Keifel12 (979) | B21: 0.626 | C21: 0.58537244 | D21: 0.52271909 | E21: 0.23336074 | F21: 0.022710354 | G21: 0.051188918 | H21: 0.62086182 | I21: 4419305
A22: Kiefel6 (791) | B22: 0.67101163 | C22: 0.63113915 | D22: 0.68204617 | E22: 0.082642471 | F22: 0.065965186 | G22: 0.016788261 | H22: 0.66561765 | I22: 6182629
A23: Kiefel8 (793) | B23: 0.67241705 | C23: 0.55992168 | D23: 0.62397496 | E23: 0.16729656 | F23: 0.051796738 | G23: 0.030020992 | H23: 0.59211943 | I23: 5262042

Sheet OEE Charts
B9: Column Labels
B10: HolDrainable
A11: Row Labels | B11: OEE % | C11: Sum of Target OEE
A12: 2026
A13: Jan | B13: 0.66408618 | C13: 0.626
A14: Feb | B14: 0.71434811 | C14: 0.626
A15: Mar | B15: 0.7324209 | C15: 0.626
A16: Apr | B16: 0.42992024 | C16: 0.626
A17: May | B17: 0.58015856 | C17: 0.626
A18: Jun | B18: 0.54297118 | C18: 0.626

Sheet OEE Heatmap
C9: Years (Date) | D9: Months (Date) | E9: Values
C10: 2025
C11: Jan | E11: Feb | G11: Mar | I11: Apr | K11: May | M11: Jun | O11: Jul | Q11: Aug | S11: Sep | U11: Oct | W11: Nov | Y11: Dec
A12: Plant | B12: WorkCell | C12: OEE% | D12: Sum of Target OEE | E12: OEE% | F12: Sum of Target OEE | G12: OEE% | H12: Sum of Target OEE | I12: OEE% | J12: Sum of Target OEE | K12: OEE% | L12: Sum of Target OEE | M12: OEE% | N12: Sum of Target OEE | O12: OEE% | P12: Sum of Target OEE | Q12: OEE% | R12: Sum of Target OEE | S12: OEE% | T12: Sum of Target OEE | U12: OEE% | V12: Sum of Target OEE | W12: OEE% | X12: Sum of Target OEE | Y12: OEE% | Z12: Sum of Target OEE
A13: BA | B13: BIM 12 | C13: 0.32266473 | D13: 0.70531047 | E13: 0.63367563 | F13: 0.70531047 | G13: 0.43095461 | H13: 0.70531047 | I13: 0.34054284 | J13: 0.70531047 | K13: 0.51231039 | L13: 0.70531047 | M13: 0.54945308 | N13: 0.70531047 | O13: 0.51909303 | P13: 0.70531047 | Q13: 0.20335354 | R13: 0.70531047 | S13: 0.52421419 | T13: 0.70531047 | U13: 0.63069954 | V13: 0.70531047 | W13: 0.37560865 | X13: 0.70531047 | Y13: 0.24257807 | Z13: 0.70531047
B14: BIM03 | C14: 0.39908681 | D14: 0.76042042 | E14: 0.55186499 | F14: 0.76042042 | G14: 0.37288483 | H14: 0.76042042 | I14: 0.46040441 | J14: 0.76042042 | K14: 0.53038028 | L14: 0.76042042 | M14: 0.48952797 | N14: 0.76042042 | O14: 0.5143311 | P14: 0.76042042 | Q14: 0.33276777 | R14: 0.76042042 | S14: 0.70706943 | T14: 0.76042042 | U14: 0.61682848 | V14: 0.76042042 | W14: 0.45517506 | X14: 0.76042042 | Y14: 0.56961158 | Z14: 0.76042042
B15: BIM08 | C15: 0.33321237 | D15: 0.69618399 | E15: 0.37024811 | F15: 0.69618399 | G15: 0.60879163 | H15: 0.69618399 | I15: 0.54045643 | J15: 0.69618399 | K15: 0.65816848 | L15: 0.69618399 | M15: 0.66026247 | N15: 0.69618399 | O15: 0.71512975 | P15: 0.69618399 | Q15: 0.51159482 | R15: 0.69618399 | S15: 0.74152526 | T15: 0.69618399 | U15: 0.70213796 | V15: 0.69618399 | W15: 0.56526167 | X15: 0.69618399 | Y15: 0.71587735 | Z15: 0.69618399
A16: KA | B16: AC08 | C16: 0.52997169 | D16: 0.83060387 | E16: 0.73029046 | F16: 0.83060387 | G16: 0.44352562 | H16: 0.83060387 | I16: 0.25096659 | J16: 0.83060387 | K16: 0.70668801 | L16: 0.83060387 | M16: 0.5655342 | N16: 0.83060387 | O16: 0.67786951 | P16: 0.83060387 | Q16: 0.6724476 | R16: 0.83060387 | S16: 0.63328232 | T16: 0.83060387 | U16: 0.51918208 | V16: 0.83060387 | W16: 0.72706742 | X16: 0.83060387 | Y16: 0.70852928 | Z16: 0.83060387
B17: AC09 | C17: 0.61283132 | D17: 0.80682834 | E17: 0.70296161 | F17: 0.80682834 | G17: 0.073011609 | H17: 0.80682834 | I17: 0.39330267 | J17: 0.80682834 | K17: 0.68087418 | L17: 0.80682834 | M17: 0.66615264 | N17: 0.80682834 | O17: 0.84586222 | P17: 0.80682834 | Q17: 0.75472475 | R17: 0.80682834 | S17: 0.40635413 | T17: 0.80682834 | U17: 0.52127307 | V17: 0.80682834 | W17: 0.65523893 | X17: 0.80682834 | Y17: 0.68006498 | Z17: 0.80682834
B18: AC10 | C18: 0.73961639 | D18: 0.66809962 | E18: 0.72951795 | F18: 0.66809962 | G18: 0.7056962 | H18: 0.66809962 | I18: 0.66402456 | J18: 0.66809962 | K18: 0.78538405 | L18: 0.66809962 | M18: 0.73345163 | N18: 0.66809962 | O18: 0.71794102 | P18: 0.66809962 | Q18: 0.71848968 | R18: 0.66809962 | S18: 0.73343547 | T18: 0.66809962 | U18: 0.61016538 | V18: 0.66809962 | W18: 0.74317055 | X18: 0.66809962 | Y18: 0.76571384 | Z18: 0.66809962
B19: BIM13 | C19: 0.67956593 | D19: 0.75472559 | E19: 0.70409 | F19: 0.75472559 | G19: 0.65079187 | H19: 0.75472559 | I19: 0.64003945 | J19: 0.75472559 | K19: 0.63922687 | L19: 0.75472559 | M19: 0.64285024 | N19: 0.75472559 | O19: 0.40448225 | P19: 0.75472559 | Q19: 0.66892983 | R19: 0.75472559 | S19: 0.64444667 | T19: 0.75472559 | U19: 0.51245687 | V19: 0.75472559 | W19: 0.70762867 | X19: 0.75472559 | Y19: 0.58763892 | Z19: 0.75472559
B20: BIM14 | C20: 0.54085061 | D20: 0.75056922 | E20: 0.59834253 | F20: 0.75056922 | G20: 0.67039295 | H20: 0.75056922 | I20: 0.51648043 | J20: 0.75056922 | K20: 0.60870396 | L20: 0.75056922 | M20: 0.47883395 | N20: 0.75056922 | O20: 0.35996847 | P20: 0.75056922 | Q20: 0.51531521 | R20: 0.75056922 | S20: 0.56991397 | T20: 0.75056922 | U20: 0.45762572 | V20: 0.75056922 | W20: 0.58323583 | X20: 0.75056922 | Y20: 0.52503102 | Z20: 0.75056922
B21: BIM15 | C21: 0.70973399 | D21: 0.63417729 | E21: 0.75137623 | F21: 0.63417729 | G21: 0.69115432 | H21: 0.63417729 | I21: 0.73479215 | J21: 0.63417729 | K21: 0.53629597 | L21: 0.63417729 | M21: 0.6899635 | N21: 0.63417729 | O21: 0.66047395 | P21: 0.63417729 | Q21: 0.61732926 | R21: 0.63417729 | S21: 0.60205501 | T21: 0.63417729 | U21: 0.50227437 | V21: 0.63417729 | W21: 0.60985892 | X21: 0.63417729 | Y21: 0.53025602 | Z21: 0.63417729
B22: BIM16 | C22: 0.67947693 | D22: 0.76640449 | E22: 0.59705694 | F22: 0.76640449 | G22: 0.59499238 | H22: 0.76640449 | I22: 0.51565879 | J22: 0.76640449 | K22: 0.52573062 | L22: 0.76640449 | M22: 0.62996878 | N22: 0.76640449 | O22: 0.60955202 | P22: 0.76640449 | Q22: 0.54611003 | R22: 0.76640449 | S22: 0.45079964 | T22: 0.76640449 | U22: 0.51923905 | V22: 0.76640449 | W22: 0.63081425 | X22: 0.76640449 | Y22: 0.62462989 | Z22: 0.76640449
A23: SD | B23: 2Pc Autocoiner 3 (796) | C23: 0.62231101 | D23: 0.72580683 | E23: 0.56563119 | F23: 0.72580683 | G23: 0.47980669 | H23: 0.72580683 | I23: 0.45865618 | J23: 0.72580683 | K23: 0.53514335 | L23: 0.72580683 | M23: 0.70549106 | N23: 0.72580683 | O23: 0.6111812 | P23: 0.72580683 | Q23: 0.76347313 | R23: 0.72580683 | S23: 0.6814965 | T23: 0.72580683 | U23: 0.75075071 | V23: 0.72580683 | W23: 0.65452968 | X23: 0.72580683 | Y23: 0.61117058 | Z23: 0.72580683
B24: 2Pc Autocoiner 4 (843) | C24: 0.64166693 | D24: 0.75145735 | E24: 0.65088599 | F24: 0.75145735 | G24: 0.71259848 | H24: 0.75145735 | I24: 0.72442131 | J24: 0.75145735 | K24: 0.55833807 | L24: 0.75145735 | M24: 0.53025702 | N24: 0.75145735 | O24: 0.50695286 | P24: 0.75145735 | Q24: 0.60664203 | R24: 0.75145735 | S24: 0.56475263 | T24: 0.75145735 | U24: 0.59030873 | V24: 0.75145735 | W24: 0.63937312 | X24: 0.75145735 | Y24: 0.54052628 | Z24: 0.75145735
B25: 2Pc Autocoiner 5 (858) | C25: 0.59600586 | D25: 0.76370503 | E25: 0.65891413 | F25: 0.76370503 | G25: 0.68225184 | H25: 0.76370503 | I25: 0.67539709 | J25: 0.76370503 | K25: 0.6681765 | L25: 0.76370503 | M25: 0.62805535 | N25: 0.76370503 | O25: 0.58019918 | P25: 0.76370503 | Q25: 0.66948324 | R25: 0.76370503 | S25: 0.70000432 | T25: 0.76370503 | U25: 0.66748143 | V25: 0.76370503 | W25: 0.63736664 | X25: 0.76370503 | Y25: 0.58829372 | Z25: 0.76370503
B26: 2Pc Autocoiner 7 (996) | C26: 0.47030985 | D26: 0.74875105 | E26: 0.62458515 | F26: 0.74875105 | G26: 0.65367795 | H26: 0.74875105 | I26: 0.66528612 | J26: 0.74875105 | K26: 0.67009726 | L26: 0.74875105 | M26: 0.71089437 | N26: 0.74875105 | O26: 0.65679635 | P26: 0.74875105 | Q26: 0.69132833 | R26: 0.74875105 | S26: 0.5873529 | T26: 0.74875105 | U26: 0.71322794 | V26: 0.74875105 | W26: 0.65509236 | X26: 0.74875105 | Y26: 0.59441489 | Z26: 0.74875105
B27: BIM 1 (815) | C27: 0.41109667 | D27: 0.63938619 | E27: 0.47221445 | F27: 0.63938619 | G27: 0.32824066 | H27: 0.63938619 | I27: 0.32481603 | J27: 0.63938619 | K27: 0.50632929 | L27: 0.63938619 | M27: 0.67026108 | N27: 0.63938619 | O27: 0.3982248 | P27: 0.63938619 | Q27: 0.33610354 | R27: 0.63938619 | S27: 0.44548321 | T27: 0.63938619 | U27: 0.45990437 | V27: 0.63938619 | W27: 0.33237867 | X27: 0.63938619 | Y27: 0.39239943 | Z27: 0.63938619
B28: BIM 11 (991) | C28: 0.72702254 | D28: 0.76591018 | E28: 0.69815597 | F28: 0.76591018 | G28: 0.6971829 | H28: 0.76591018 | I28: 0.71883561 | J28: 0.76591018 | K28: 0.67173326 | L28: 0.76591018 | M28: 0.59391252 | N28: 0.76591018 | O28: 0.65396738 | P28: 0.76591018 | Q28: 0.67697774 | R28: 0.76591018 | S28: 0.67357127 | T28: 0.76591018 | U28: 0.7002941 | V28: 0.76591018 | W28: 0.66431275 | X28: 0.76591018 | Y28: 0.66754992 | Z28: 0.76591018
B29: BIM 17 | C29: 0.6155147 | D29: 0.70852364 | E29: 0.65182447 | F29: 0.70852364 | G29: 0.51873976 | H29: 0.70852364 | I29: 0.67592485 | J29: 0.70852364 | K29: 0.6719113 | L29: 0.70852364 | M29: 0.61954973 | N29: 0.70852364 | O29: 0.60401939 | P29: 0.70852364 | Q29: 0.68520196 | R29: 0.70852364 | S29: 0.70775619 | T29: 0.70852364 | U29: 0.69027729 | V29: 0.70852364 | W29: 0.67813552 | X29: 0.70852364 | Y29: 0.70152706 | Z29: 0.70852364
B30: BIM 2 (820) | C30: 0.37758229 | D30: 0.55210991 | E30: 0.31784747 | F30: 0.55210991 | G30: 0.30043951 | H30: 0.55210991 | I30: 0.31653281 | J30: 0.55210991 | K30: 0.3872901 | L30: 0.55210991 | M30: 0.40286584 | N30: 0.55210991 | O30: 0.32060053 | P30: 0.55210991 | Q30: 0.28211921 | R30: 0.55210991 | S30: 0.36630096 | T30: 0.55210991 | U30: 0.32808504 | V30: 0.55210991 | W30: 0.3290901 | X30: 0.55210991 | Y30: 0.33371936 | Z30: 0.55210991
B31: BIM 4 (828) | C31: 0.72169023 | D31: 0.759233 | E31: 0.67887451 | F31: 0.759233 | G31: 0.78661849 | H31: 0.759233 | I31: 0.59462759 | J31: 0.759233 | K31: 0.5623885 | L31: 0.759233 | M31: 0.71971486 | N31: 0.759233 | O31: 0.54614429 | P31: 0.759233 | Q31: 0.62342664 | R31: 0.759233 | S31: 0.50857573 | T31: 0.759233 | U31: 0.71569507 | V31: 0.759233 | W31: 0.59834907 | X31: 0.759233 | Y31: 0.51987569 | Z31: 0.759233
B32: BIM 6 (788) | C32: 0.6973539 | D32: 0.70703282 | E32: 0.69685165 | F32: 0.70703282 | G32: 0.71846774 | H32: 0.70703282 | I32: 0.70459076 | J32: 0.70703282 | K32: 0.64989825 | L32: 0.70703282 | M32: 0.71687546 | N32: 0.70703282 | O32: 0.60582342 | P32: 0.70703282 | Q32: 0.62771717 | R32: 0.70703282 | S32: 0.59142397 | T32: 0.70703282 | U32: 0.67947159 | V32: 0.70703282 | W32: 0.64829826 | X32: 0.70703282 | Y32: 0.63467533 | Z32: 0.70703282
B33: BIM 7 (798) | C33: 0.62978007 | D33: 0.76535789 | E33: 0.66249848 | F33: 0.76535789 | G33: 0.69654588 | H33: 0.76535789 | I33: 0.66961009 | J33: 0.76535789 | K33: 0.59038811 | L33: 0.76535789 | M33: 0.64249093 | N33: 0.76535789 | O33: 0.68295923 | P33: 0.76535789 | Q33: 0.62824943 | R33: 0.76535789 | S33: 0.5757732 | T33: 0.76535789 | U33: 0.70268979 | V33: 0.76535789 | W33: 0.79425475 | X33: 0.76535789 | Y33: 0.64271774 | Z33: 0.76535789
B34: BIM 9 (977) | C34: 0.6532276 | D34: 0.70339404 | E34: 0.70738076 | F34: 0.70339404 | G34: 0.67106299 | H34: 0.70339404 | I34: 0.73673311 | J34: 0.70339404 | K34: 0.73150705 | L34: 0.70339404 | M34: 0.669668 | N34: 0.70339404 | O34: 0.71286545 | P34: 0.70339404 | Q34: 0.63047088 | R34: 0.70339404 | S34: 0.66088685 | T34: 0.70339404 | U34: 0.67748644 | V34: 0.70339404 | W34: 0.65236083 | X34: 0.70339404 | Y34: 0.5420268 | Z34: 0.70339404

Sheet OEE% by Month
A2: Plant | B2: (All)
B4: Years (Date) | C4: Months (Date) | D4: Values
B5: 2025 | C5: 2025 | D5: 2025 | E5: 2025 | F5: 2025 | G5: 2025 | H5: 2025 | I5: 2025 | J5: 2025 | K5: 2025 | L5: 2025 | M5: 2025 | N5: 2025 | O5: 2025 | P5: 2025 | Q5: 2025 | R5: 2025 | S5: 2025 | T5: 2025 | U5: 2025 | V5: 2025 | W5: 2025 | X5: 2025 | Y5: 2025 | Z5: 2025 | AA5: 2025 | AB5: 2025 | AC5: 2025 | AD5: 2025 | AE5: 2025 | AF5: 2025 | AG5: 2025 | AH5: 2025 | AI5: 2025 | AJ5: 2025 | AK5: 2025 | AL5: 2026 | AM5: 2026 | AN5: 2026 | AO5: 2026 | AP5: 2026 | AQ5: 2026 | AR5: 2026 | AS5: 2026 | AT5: 2026 | AU5: 2026 | AV5: 2026 | AW5: 2026 | AX5: 2026 | AY5: 2026 | AZ5: 2026 | BA5: 2026 | BB5: 2026 | BC5: 2026 | BD5: 2026 | BE5: 2026 | BF5: 2026 | BG5: Total OEE % | BH5: Total Technical OEE % | BI5: Total TEEP %
B6: Jan | C6: Jan | D6: Jan | E6: Feb | F6: Feb | G6: Feb | H6: Mar | I6: Mar | J6: Mar | K6: Apr | L6: Apr | M6: Apr | N6: May | O6: May | P6: May | Q6: Jun | R6: Jun | S6: Jun | T6: Jul | U6: Jul | V6: Jul | W6: Aug | X6: Aug | Y6: Aug | Z6: Sep | AA6: Sep | AB6: Sep | AC6: Oct | AD6: Oct | AE6: Oct | AF6: Nov | AG6: Nov | AH6: Nov | AI6: Dec | AJ6: Dec | AK6: Dec | AL6: Jan | AM6: Jan | AN6: Jan | AO6: Feb | AP6: Feb | AQ6: Feb | AR6: Mar | AS6: Mar | AT6: Mar | AU6: Apr | AV6: Apr | AW6: Apr | AX6: May | AY6: May | AZ6: May | BA6: Jun | BB6: Jun | BC6: Jun | BD6: Jul | BE6: Jul | BF6: Jul
A7: WorkCell | B7: OEE % | C7: Technical OEE % | D7: TEEP % | E7: OEE % | F7: Technical OEE % | G7: TEEP % | H7: OEE % | I7: Technical OEE % | J7: TEEP % | K7: OEE % | L7: Technical OEE % | M7: TEEP % | N7: OEE % | O7: Technical OEE % | P7: TEEP % | Q7: OEE % | R7: Technical OEE % | S7: TEEP % | T7: OEE % | U7: Technical OEE % | V7: TEEP % | W7: OEE % | X7: Technical OEE % | Y7: TEEP % | Z7: OEE % | AA7: Technical OEE % | AB7: TEEP % | AC7: OEE % | AD7: Technical OEE % | AE7: TEEP % | AF7: OEE % | AG7: Technical OEE % | AH7: TEEP % | AI7: OEE % | AJ7: Technical OEE % | AK7: TEEP % | AL7: OEE % | AM7: Technical OEE % | AN7: TEEP % | AO7: OEE % | AP7: Technical OEE % | AQ7: TEEP % | AR7: OEE % | AS7: Technical OEE % | AT7: TEEP % | AU7: OEE % | AV7: Technical OEE % | AW7: TEEP % | AX7: OEE % | AY7: Technical OEE % | AZ7: TEEP % | BA7: OEE % | BB7: Technical OEE % | BC7: TEEP % | BD7: OEE % | BE7: Technical OEE % | BF7: TEEP %
A8: 1Pc Autocoiner 1 (789) | B8: 0.45223859 | C8: 0.6385077 | D8: 0.49391129 | E8: 0.55428755 | F8: 0.6918586 | G8: 0.56321839 | H8: 0.56589169 | I8: 0.66308869 | J8: 0.62364247 | K8: 0.58320056 | L8: 0.63067529 | M8: 0.66054167 | N8: 0.59360076 | O8: 0.6577948 | P8: 0.64350806 | Q8: 0.6253902 | R8: 0.67044174 | S8: 0.58701389 | T8: 0.64739118 | U8: 0.67035684 | V8: 0.60482527 | W8: 0.65433013 | X8: 0.68423171 | Y8: 0.65478495 | Z8: 0.66225487 | AA8: 0.68608251 | AB8: 0.69473611 | AC8: 0.70510521 | AD8: 0.71114282 | AE8: 0.75330645 | AF8: 0.63222123 | AG8: 0.64465157 | AH8: 0.64809722 | AI8: 0.55860353 | AJ8: 0.59001987 | AK8: 0.54947581 | AL8: 0.45016211 | AM8: 0.59562429 | AN8: 0.40962366 | AO8: 0.67069922 | AP8: 0.68629119 | AQ8: 0.61846264 | AR8: 0.47309797 | AS8: 0.53565256 | AT8: 0.47557796 | AU8: 0.26166285 | AV8: 0.26834074 | AW8: 0.26709722 | AX8: 0.4956017 | AY8: 0.54406306 | AZ8: 0.49944892 | BA8: 0.50124217 | BB8: 0.51208941 | BC8: 0.56325 | BD8: 0.525846 | BE8: 0.54568168 | BF8: 0.56333333 | BG8: 0.55838023 | BH8: 0.61098135 | BI8: 0.57220279
A9: 1Pc Autocoiner 2 (844) | B9: 0.46431804 | C9: 0.67997018 | D9: 0.53319892 | E9: 0.56312584 | F9: 0.71321512 | G9: 0.57329023 | H9: 0.5929194 | I9: 0.67009212 | J9: 0.71083333 | K9: 0.56623418 | L9: 0.63470653 | M9: 0.60713889 | N9: 0.58301796 | O9: 0.61814289 | P9: 0.65571237 | Q9: 0.58515085 | R9: 0.62357267 | S9: 0.62893056 | T9: 0.58796466 | U9: 0.61922793 | V9: 0.59627688 | W9: 0.65796523 | X9: 0.67245116 | Y9: 0.70385753 | Z9: 0.5680475 | AA9: 0.65352177 | AB9: 0.62295833 | AC9: 0.57939 | AD9: 0.60481423 | AE9: 0.62073925 | AF9: 0.50197941 | AG9: 0.54859231 | AH9: 0.53516667 | AI9: 0.61921335 | AJ9: 0.6333805 | AK9: 0.67299731 | AL9: 0.54443528 | AM9: 0.57774422 | AN9: 0.59610215 | AO9: 0.42686847 | AP9: 0.47440628 | AQ9: 0.40232759 | AR9: 0.57344521 | AS9: 0.60687422 | AT9: 0.63114247 | AU9: 0.57401256 | AV9: 0.58486085 | AW9: 0.64501389 | AX9: 0.54598163 | AY9: 0.55619198 | AZ9: 0.58592742 | BA9: 0.51284135 | BB9: 0.52602856 | BC9: 0.54402778 | BD9: 0.52696363 | BE9: 0.54249003 | BF9: 0.57288978 | BG9: 0.55811729 | BH9: 0.60658363 | BI9: 0.60286701
A10: 1pc Autocoiner 9 (34753) | B10: 0.45415941 | C10: 0.69179494 | D10: 0.4919086 | E10: 0.57904944 | F10: 0.69654996 | G10: 0.60347701 | H10: 0.67928247 | I10: 0.73512613 | J10: 0.74123656 | K10: 0.64320417 | L10: 0.68533213 | M10: 0.66577778 | N10: 0.63437937 | O10: 0.66314802 | P10: 0.67943548 | Q10: 0.61795283 | R10: 0.66786946 | S10: 0.56697222 | T10: 0.6029526 | U10: 0.65331443 | V10: 0.65376344 | W10: 0.56071043 | X10: 0.62905328 | Y10: 0.60084677 | Z10: 0.61572052 | AA10: 0.65511002 | AB10: 0.64931944 | AC10: 0.65300133 | AD10: 0.72373628 | AE10: 0.68520161 | AF10: 0.56415855 | AG10: 0.60688368 | AH10: 0.62386111 | AI10: 0.50422851 | AJ10: 0.54414565 | AK10: 0.52299731 | AL10: 0.44560647 | AM10: 0.58898766 | AN10: 0.48860215 | AO10: 0.53863368 | AP10: 0.57341847 | AQ10: 0.57527299 | AR10: 0.44132467 | AS10: 0.53591178 | AT10: 0.48883065 | AU10: 0.41306439 | AV10: 0.50159966 | AW10: 0.45515278 | AX10: 0.43682856 | AY10: 0.50245889 | AZ10: 0.49248656 | BA10: 0.47670388 | BB10: 0.55598277 | BC10: 0.52845833 | BD10: 0.58670244 | BE10: 0.62549045 | BF10: 0.65341398 | BG10: 0.5493503 | BH10: 0.62323773 | BI10: 0.58779001
A11: 1PCAC10 | B11: 0.60410477 | C11: 0.71368934 | D11: 0.55100806 | E11: 0.69245698 | F11: 0.74277518 | G11: 0.6341523 | H11: 0.75716925 | I11: 0.81876513 | J11: 0.64055108 | K11: 0.82527977 | L11: 0.85023027 | M11: 0.73977778 | N11: 1.1242275 | O11: 1.1679012 | P11: 0.16926075 | Q11: 0.67433301 | R11: 0.72193829 | S11: 0.425375 | T11: 0.69296664 | U11: 0.82475518 | V11: 0.23856183 | W11: 0.62094395 | X11: 0.65861841 | Y11: 0.52389785 | Z11: 0.53863489 | AA11: 0.65903355 | AB11: 0.44452778 | AC11: 0.30158971 | AD11: 0.60263056 | AE11: 0.34770161 | AF11: 0.43432909 | AG11: 0.6049025 | AH11: 0.51341667 | AI11: 0.5586902 | AJ11: 0.6749802 | AK11: 0.47348118 | AL11: 0.57789939 | AM11: 0.67868561 | AN11: 0.64931452 | AO11: 0.64101172 | AP11: 0.69152294 | AQ11: 0.71079023 | AR11: 0.64432323 | AS11: 0.69264017 | AT11: 0.72444892 | AU11: 0.68929228 | AV11: 0.73999192 | AW11: 0.752125 | AX11: 0.72967637 | AY11: 0.76443823 | AZ11: 0.79759409 | BA11: 0.60227467 | BB11: 0.69506719 | BC11: 0.66940278 | BD11: 0.58680282 | BE11: 0.66304658 | BF11: 0.58564516 | BG11: 0.62527257 | BH11: 0.72164308 | BI11: 0.55628238
A12: 1PCAC11 | B12: #DIV/0! | C12: #DIV/0! | D12: #DIV/0! | E12: #DIV/0! | F12: #DIV/0! | G12: #DIV/0! | H12: #DIV/0! | I12: #DIV/0! | J12: #DIV/0! | K12: #DIV/0! | L12: #DIV/0! | M12: #DIV/0! | N12: #DIV/0! | O12: #DIV/0! | P12: #DIV/0! | Q12: #DIV/0! | R12: #DIV/0! | S12: #DIV/0! | T12: #DIV/0! | U12: #DIV/0! | V12: #DIV/0! | W12: #DIV/0! | X12: #DIV/0! | Y12: #DIV/0! | Z12: #DIV/0! | AA12: #DIV/0! | AB12: #DIV/0! | AC12: #DIV/0! | AD12: #DIV/0! | AE12: #DIV/0! | AF12: #DIV/0! | AG12: #DIV/0! | AH12: #DIV/0! | AI12: #DIV/0! | AJ12: #DIV/0! | AK12: #DIV/0! | AL12: 0.51081741 | AM12: 0.57782222 | AN12: 0.56922043 | AO12: #DIV/0! | AP12: #DIV/0! | AQ12: #DIV/0! | AR12: #DIV/0! | AS12: #DIV/0! | AT12: #DIV/0! | AU12: 0.69930433 | AV12: 0.77781938 | AW12: 0.73505556 | AX12: 0.65899816 | AY12: 0.71750594 | AZ12: 0.66938172 | BA12: 0.68661505 | BB12: 0.77632321 | BC12: 0.74491667 | BD12: 0.61073686 | BE12: 0.68389934 | BF12: 0.34397849 | BG12: 0.63508224 | BH12: 0.70893922 | BI12: 0.61084423
A13: 1PCAC12 | B13: #DIV/0! | C13: #DIV/0! | D13: #DIV/0! | E13: #DIV/0! | F13: #DIV/0! | G13: #DIV/0! | H13: #DIV/0! | I13: #DIV/0! | J13: #DIV/0! | K13: #DIV/0! | L13: #DIV/0! | M13: #DIV/0! | N13: #DIV/0! | O13: #DIV/0! | P13: #DIV/0! | Q13: #DIV/0! | R13: #DIV/0! | S13: #DIV/0! | T13: #DIV/0! | U13: #DIV/0! | V13: #DIV/0! | W13: #DIV/0! | X13: #DIV/0! | Y13: #DIV/0! | Z13: #DIV/0! | AA13: #DIV/0! | AB13: #DIV/0! | AC13: #DIV/0! | AD13: #DIV/0! | AE13: #DIV/0! | AF13: #DIV/0! | AG13: #DIV/0! | AH13: #DIV/0! | AI13: #DIV/0! | AJ13: #DIV/0! | AK13: #DIV/0! | AL13: 0.38453808 | AM13: 0.53204661 | AN13: 0.23704301 | AO13: #DIV/0! | AP13: #DIV/0! | AQ13: #DIV/0! | AR13: #DIV/0! | AS13: #DIV/0! | AT13: #DIV/0! | AU13: 0.43968462 | AV13: 0.54418953 | AW13: 0.52754167 | AX13: 0.41451372 | AY13: 0.51282572 | AZ13: 0.42471774 | BA13: 0.45637486 | BB13: 0.61630084 | BC13: 0.41895833 | BD13: 0.46008746 | BE13: 0.5592037 | BF13: 0.26612903 | BG13: 0.43229581 | BH13: 0.55299005 | BI13: 0.37359205
A14: 2Pc Autocoiner 3 (796) | B14: 0.62231101 | C14: 0.7369511 | D14: 0.62649194 | E14: 0.56563119 | F14: 0.72632526 | G14: 0.56965517 | H14: 0.47980669 | I14: 0.76241159 | J14: 0.48283602 | K14: 0.45865618 | L14: 0.68214037 | M14: 0.46406944 | N14: 0.53514335 | O14: 0.70391726 | P14: 0.5527957 | Q14: 0.70549106 | R14: 0.81926426 | S14: 0.73886111 | T14: 0.6111812 | U14: 0.75345352 | V14: 0.64360215 | W14: 0.76347313 | X14: 0.79757062 | Y14: 0.80611559 | Z14: 0.6814965 | AA14: 0.80135184 | AB14: 0.68595833 | AC14: 0.75075071 | AD14: 0.82692193 | AE14: 0.76294355 | AF14: 0.65452968 | AG14: 0.72187669 | AH14: 0.794875 | AI14: 0.61117058 | AJ14: 0.75541768 | AK14: 0.58663978 | AL14: 0.55449876 | AM14: 0.65237547 | AN14: 0.61395161 | AO14: 0.60071129 | AP14: 0.67273818 | AQ14: 0.67341954 | AR14: 0.73248502 | AS14: 0.82069153 | AT14: 0.73266129 | AU14: 0.66267963 | AV14: 0.71576176 | AW14: 0.64748611 | AX14: -0.094637654 | AY14: -0.10312185 | AZ14: 0.72364247 | BA14: 0.74496542 | BB14: 0.82011804 | BC14: 0.75845833 | BD14: 0.7293862 | BE14: 0.83998867 | BF14: 0.71420699 | BG14: 0.59873796 | BH14: 0.70811979 | BI14: 0.66211212
A15: 2Pc Autocoiner 4 (843) | B15: 0.64166693 | C15: 0.69774798 | D15: 0.66189516 | E15: 0.65088599 | F15: 0.69414415 | G15: 0.71935345 | H15: 0.71259848 | I15: 0.75484289 | J15: 0.81346774 | K15: 0.72442131 | L15: 0.76079979 | M15: 0.80223611 | N15: 0.55833807 | O15: 0.72003838 | P15: 0.63994624 | Q15: 0.53025702 | R15: 0.6427955 | S15: 0.62356944 | T15: 0.50695286 | U15: 0.59314089 | V15: 0.61732527 | W15: 0.60664203 | X15: 0.63651285 | Y15: 0.73646505 | Z15: 0.56475263 | AA15: 0.61511734 | AB15: 0.72570833 | AC15: 0.59030873 | AD15: 0.6306225 | AE15: 0.7334543 | AF15: 0.63937312 | AG15: 0.69780921 | AH15: 0.738 | AI15: 0.54052628 | AJ15: 0.6161709 | AK15: 0.62353495 | AL15: 0.61247231 | AM15: 0.69746983 | AN15: 0.7205914 | AO15: 0.65841495 | AP15: 0.69074634 | AQ15: 0.76058908 | AR15: 0.62442204 | AS15: 0.66202582 | AT15: 0.74740591 | AU15: 0.36935791 | AV15: 0.4205134 | AW15: 0.47065278 | AX15: 0.49390202 | AY15: 0.59194681 | AZ15: 0.58873656 | BA15: 0.69102546 | BB15: 0.72525282 | BC15: 0.79886111 | BD15: 0.66162425 | BE15: 0.71559377 | BF15: 0.73520161 | BG15: 0.59808482 | BH15: 0.6620818 | BI15: 0.69749208
A16: 2Pc Autocoiner 5 (858) | B16: 0.59600586 | C16: 0.66444315 | D16: 0.62127688 | E16: 0.65891413 | F16: 0.72105459 | G16: 0.68699713 | H16: 0.68225184 | I16: 0.72266733 | J16: 0.75051075 | K16: 0.67539709 | L16: 0.71934068 | M16: 0.75594444 | N16: 0.6681765 | O16: 0.74891534 | P16: 0.74086022 | Q16: 0.62805535 | R16: 0.69997277 | S16: 0.72111111 | T16: 0.58019918 | U16: 0.65381714 | V16: 0.69116935 | W16: 0.66948324 | X16: 0.70280771 | Y16: 0.71681452 | Z16: 0.70000432 | AA16: 0.74213529 | AB16: 0.75327778 | AC16: 0.66748143 | AD16: 0.70898659 | AE16: 0.78008065 | AF16: 0.63736664 | AG16: 0.68532839 | AH16: 0.76931944 | AI16: 0.58829372 | AJ16: 0.64767505 | AK16: 0.70803763 | AL16: 0.56044519 | AM16: 0.62712401 | AN16: 0.73016129 | AO16: 0.66365369 | AP16: 0.71486775 | AQ16: 0.76149425 | AR16: 0.63479189 | AS16: 0.67854408 | AT16: 0.77400538 | AU16: 0.52228379 | AV16: 0.5944203 | AW16: 0.664 | AX16: 0.59101722 | AY16: 0.64892259 | AZ16: 0.75630376 | BA16: 0.58450626 | BB16: 0.63291215 | BC16: 0.74356944 | BD16: 0.68453126 | BE16: 0.73065878 | BF16: 0.78130376 | BG16: 0.6309914 | BH16: 0.68687378 | BI16: 0.73193293
A17: 2Pc Autocoiner 7 (996) | B17: 0.47030985 | C17: 0.79828072 | D17: 0.41354839 | E17: 0.62458515 | F17: 0.77138161 | G17: 0.59182471 | H17: 0.65367795 | I17: 0.80231046 | J17: 0.70176075 | K17: 0.66528612 | L17: 0.79592442 | M17: 0.69080556 | N17: 0.67009726 | O17: 0.80059337 | P17: 0.70955645 | Q17: 0.71089437 | R17: 0.79829774 | S17: 0.75158333 | T17: 0.65679635 | U17: 0.77769791 | V17: 0.71647849 | W17: 0.69132833 | X17: 0.79880365 | Y17: 0.74314516 | Z17: 0.5873529 | AA17: 0.72722421 | AB17: 0.62223611 | AC17: 0.71322794 | AD17: 0.75087839 | AE17: 0.7919086 | AF17: 0.65509236 | AG17: 0.77082848 | AH17: 0.70584722 | AI17: 0.59441489 | AJ17: 0.71380962 | AK17: 0.62716398 | AL17: 0.50797906 | AM17: 0.57208327 | AN17: 0.55219086 | AO17: 0.6399641 | AP17: 0.74134137 | AQ17: 0.69142241 | AR17: 0.69108654 | AS17: 0.75383401 | AT17: 0.76883065 | AU17: 0.53825018 | AV17: 0.74620055 | AW17: 0.63659722 | AX17: 0.62168519 | AY17: 0.72565539 | AZ17: 0.71084677 | BA17: 0.75129432 | BB17: 0.78617114 | BC17: 0.8415 | BD17: 0.66093198 | BE17: 0.74880463 | BF17: 0.74783602 | BG17: 0.63889825 | BH17: 0.75567671 | BI17: 0.68506477
A18: 2PCAC06 | B18: 0.46500402 | C18: 0.64365256 | D18: 0.0084139785 | E18: 0.7240384 | F18: 0.94672501 | G18: 0.44922414 | H18: 0.69688973 | I18: 0.7633912 | J18: 0.60864247 | K18: 0.58948912 | L18: 0.7216725 | M18: 0.49098611 | N18: 0.6799247 | O18: 0.8696992 | P18: 0.54931452 | Q18: 0.62263712 | R18: 0.78313329 | S18: 0.53381944 | T18: 0.60483325 | U18: 0.73764602 | V18: 0.52310484 | W18: 0.48520958 | X18: 0.58410065 | Y18: 0.4053629 | Z18: 0.44404751 | AA18: 0.67189455 | AB18: 0.37631944 | AC18: 1.0694772 | AD18: 1.5258167 | AE18: 0.27231183 | AF18: 0.49933967 | AG18: 0.71710012 | AH18: 0.45277778 | AI18: 0.34788894 | AJ18: 0.61571802 | AK18: 0.18518817 | AL18: 0.55271982 | AM18: 0.69504498 | AN18: 0.37639785 | AO18: 0.44879911 | AP18: 0.58330009 | AQ18: 0.37346264 | AR18: 0.47510147 | AS18: 0.57136482 | AT18: 0.3209543 | AU18: 0.38114655 | AV18: 0.45555902 | AW18: 0.32970833 | AX18: 0.31836867 | AY18: 0.44035052 | AZ18: 0.35456989 | BA18: 0.43080853 | BB18: 0.60994037 | BC18: 0.46543056 | BD18: 0.45950334 | BE18: 0.66697349 | BF18: 0.27236559 | BG18: 0.54061422 | BH18: 0.70497774 | BI18: 0.38601828
A19: AC08 | B19: 0.52997169 | C19: 0.63222539 | D19: 0.29180108 | E19: 0.73029046 | F19: 0.77324051 | G19: 0.57591954 | H19: 0.44352562 | I19: 0.58824316 | J19: 0.1374328 | K19: 0.25096659 | L19: 0.27247922 | M19: 0.11063889 | N19: 0.70668801 | O19: 0.73404144 | P19: 0.63569892 | Q19: 0.5655342 | R19: 0.64148732 | S19: 0.48825 | T19: 0.67786951 | U19: 0.79385981 | V19: 0.32446237 | W19: 0.6724476 | X19: 0.79843637 | Y19: 0.55741935 | Z19: 0.63328232 | AA19: 0.78222788 | AB19: 0.64079167 | AC19: 0.51918208 | AD19: 0.62107284 | AE19: 0.52893817 | AF19: 0.72706742 | AG19: 0.84433048 | AH19: 0.75023611 | AI19: 0.70852928 | AJ19: 0.8238497 | AK19: 0.49260753 | AL19: 0.26572485 | AM19: 0.75640054 | AN19: 0.25534946 | AO19: 0.0054195563 | AP19: 0.074058577 | AQ19: 0.0061637931 | AR19: 0.73266516 | AS19: 0.75287647 | AT19: 0.77790323 | AU19: 0.76205732 | AV19: 0.8202765 | AW19: 0.77083333 | AX19: 0.58597216 | AY19: 0.68584884 | AZ19: 0.6115457 | BA19: 0.74969743 | BB19: 0.84490333 | BC19: 0.79051389 | BD19: 0.64583696 | BE19: 0.80503063 | BF19: 0.52350806 | BG19: 0.58628 | BH19: 0.73852094 | BI19: 0.48817789
A20: AC09 | B20: 0.61283132 | C20: 0.67668083 | D20: 0.29903226 | E20: 0.70296161 | F20: 0.74217333 | G20: 0.30274425 | H20: 0.073011609 | I20: 0.073144944 | J20: 0.012150538 | K20: 0.39330267 | L20: 0.48792513 | M20: 0.16404167 | N20: 0.68087418 | O20: 0.74716403 | P20: 0.30764785 | Q20: 0.66615264 | R20: 0.7776627 | S20: 0.46222222 | T20: 0.84586222 | U20: 0.86562283 | V20: 0.43450269 | W20: 0.75472475 | X20: 0.81218663 | Y20: 0.56041667 | Z20: 0.40635413 | AA20: 0.47297261 | AB20: 0.25709722 | AC20: 0.52127307 | AD20: 0.68603954 | AE20: 0.1841129 | AF20: 0.65523893 | AG20: 0.68687127 | AH20: 0.40705556 | AI20: 0.68006498 | AJ20: 0.69164619 | AK20: 0.24745968 | AL20: 0.52945803 | AM20: 0.73769732 | AN20: 0.50909946 | AO20: 0.69744517 | AP20: 0.71027062 | AQ20: 0.76086207 | AR20: 0.70492095 | AS20: 0.72258643 | AT20: 0.76282258 | AU20: 0.59554227 | AV20: 0.60748614 | AW20: 0.62106944 | AX20: 0.79721994 | AY20: 0.8106644 | AZ20: 0.84158602 | BA20: 0.76531169 | BB20: 0.77878993 | BC20: 0.67138889 | BD20: 0.7960741 | BE20: 0.80681156 | BF20: 0.50026882 | BG20: 0.66013724 | BH20: 0.71412132 | BI20: 0.43655081
A21: AC10 | B21: 0.73961639 | C21: 0.76524301 | D21: 0.78341398 | E21: 0.72951795 | F21: 0.74952006 | G21: 0.78465517 | H21: 0.7056962 | I21: 0.71982131 | J21: 0.73008065 | K21: 0.66402456 | L21: 0.68225178 | M21: 0.71461111 | N21: 0.78538405 | O21: 0.83182494 | P21: 0.34135753 | Q21: 0.73345163 | R21: 0.75420289 | S21: 0.58181944 | T21: 0.71794102 | U21: 0.76675883 | V21: 0.28896505 | W21: 0.71848968 | X21: 0.78616707 | Y21: 0.78642473 | Z21: 0.73343547 | AA21: 0.77006287 | AB21: 0.82820833 | AC21: 0.61016538 | AD21: 0.69279544 | AE21: 0.70959677 | AF21: 0.74317055 | AG21: 0.7612505 | AH21: 0.839875 | AI21: 0.76571384 | AJ21: 0.80249856 | AK21: 0.5963172 | AL21: 0.53248659 | AM21: 0.64675961 | AN21: 0.53137097 | AO21: 0.66697785 | AP21: 0.68518748 | AQ21: 0.73645115 | AR21: 0.76606754 | AS21: 0.82624723 | AT21: 0.83321237 | AU21: 0.72545636 | AV21: 0.74519695 | AW21: 0.83106944 | AX21: 0.64488 | AY21: 0.66953313 | AZ21: 0.74892473 | BA21: 0.71473479 | BB21: 0.72693233 | BC21: 0.79786111 | BD21: 0.71377508 | BE21: 0.75312355 | BF21: 0.67278226 | BG21: 0.70203401 | BH21: 0.74032826 | BI21: 0.69017487
A22: Autocoiner #3 | B22: 0.7544332 | C22: 0.82667263 | D22: 0.80034946 | E22: 0.79572216 | F22: 0.82818802 | G22: 0.81804598 | H22: 0.80772248 | I22: 0.82329993 | J22: 0.83704301 | K22: 0.75458158 | L22: 0.7656673 | M22: 0.78756944 | N22: 0.76801978 | O22: 0.79107802 | P22: 0.82877688 | Q22: 0.69513807 | R22: 0.71247291 | S22: 0.72895833 | T22: 0.7074168 | U22: 0.71421175 | V22: 0.74623656 | W22: 0.7867876 | X22: 0.79808073 | Y22: 0.81908602 | Z22: 0.80291899 | AA22: 0.81623339 | AB22: 0.82656944 | AC22: 0.81041712 | AD22: 0.81734848 | AE22: 0.86663978 | AF22: 0.78131374 | AG22: 0.78780708 | AH22: 0.84647222 | AI22: 0.55977129 | AJ22: 0.5637468 | AK22: 0.5986828 | AL22: 0.61284154 | AM22: 0.61935152 | AN22: 0.65010753 | AO22: 0.68278277 | AP22: 0.7230112 | AQ22: 0.73810345 | AR22: 0.7351052 | AS22: 0.74104195 | AT22: 0.80465054 | AU22: 0.65838062 | AV22: 0.72559116 | AW22: 0.74469444 | AX22: 0.44707838 | AY22: 0.44824478 | AZ22: 0.49497312 | BA22: 0.51248171 | BB22: 0.55518254 | BC22: 0.56652778 | BD22: 0.25891661 | BE22: 0.26267855 | BF22: 0.25383065 | BG22: 0.68382474 | BH22: 0.70356606 | BI22: 0.72342617
A23: Autocoiner #4 | B23: 0.75344126 | C23: 0.86311882 | D23: 0.77731183 | E23: 0.86719219 | F23: 0.8967193 | G23: 0.86071839 | H23: 0.75713528 | I23: 0.78242419 | J23: 0.8384543 | K23: 0.72653362 | L23: 0.75544559 | M23: 0.80130556 | N23: 0.72329556 | O23: 0.74264829 | P23: 0.81939516 | Q23: 0.58326301 | R23: 0.59219169 | S23: 0.63655556 | T23: 0.753871 | U23: 0.76871558 | V23: 0.82087366 | W23: 0.68851834 | X23: 0.71723101 | Y23: 0.75115591 | Z23: 0.70915211 | AA23: 0.72120902 | AB23: 0.78534722 | AC23: 0.77228884 | AD23: 0.78194325 | AE23: 0.84354839 | AF23: 0.81476536 | AG23: 0.82181788 | AH23: 0.86594444 | AI23: 0.59176779 | AJ23: 0.59652373 | AK23: 0.62041667 | AL23: 0.79211087 | AM23: 0.79710204 | AN23: 0.84337366 | AO23: 0.8243463 | AP23: 0.86945235 | AQ23: 0.85479885 | AR23: 0.84088363 | AS23: 0.8475978 | AT23: 0.89294355 | AU23: 0.75364677 | AV23: 0.82491134 | AW23: 0.80166667 | AX23: 0.7710483 | AY23: 0.78217098 | AZ23: 0.82811828 | BA23: 0.70217504 | BB23: 0.76035063 | BC23: 0.77556944 | BD23: 0.75453219 | BE23: 0.75902573 | BF23: 0.81057796 | BG23: 0.74569141 | BH23: 0.7709074 | BI23: 0.80133492
A24: Autocoiner #5 | B24: 0.71003227 | C24: 0.76815884 | D24: 0.7780914 | E24: 0.74469695 | F24: 0.77640192 | G24: 0.7903592 | H24: 0.78096679 | I24: 0.80567601 | J24: 0.86639785 | K24: 0.73982857 | L24: 0.77151895 | M24: 0.80144444 | N24: 0.71752352 | O24: 0.74690894 | P24: 0.78201613 | Q24: 0.75577958 | R24: 0.76760653 | S24: 0.82593056 | T24: 0.76421622 | U24: 0.77543913 | V24: 0.82508065 | W24: 0.77961993 | X24: 0.79327558 | Y24: 0.78491935 | Z24: 0.75272732 | AA24: 0.76399412 | AB24: 0.81066667 | AC24: 0.7912061 | AD24: 0.79705071 | AE24: 0.84452957 | AF24: 0.7750942 | AG24: 0.78597973 | AH24: 0.78716667 | AI24: 0.5670747 | AJ24: 0.57429685 | AK24: 0.59795699 | AL24: 0.74518003 | AM24: 0.75122433 | AN24: 0.80174731 | AO24: 0.7308987 | AP24: 0.7734469 | AQ24: 0.78653736 | AR24: 0.77552428 | AS24: 0.78454089 | AT24: 0.85569892 | AU24: 0.73005712 | AV24: 0.80031771 | AW24: 0.79815278 | AX24: 0.77283306 | AY24: 0.77964783 | AZ24: 0.83744624 | BA24: 0.42061768 | BB24: 0.48777536 | BC24: 0.46280556 | BD24: 0.12149253 | BE24: 0.12225135 | BF24: 0.15772849 | BG24: 0.6942046 | BH24: 0.71815308 | BI24: 0.7467962
A25: Autocoiner #6 | B25: 0.62346426 | C25: 0.68607147 | D25: 0.71336022 | E25: 0.7446222 | F25: 0.77824485 | G25: 0.77508621 | H25: 0.78133785 | I25: 0.79369005 | J25: 0.85568548 | K25: 0.66505101 | L25: 0.68071104 | M25: 0.741625 | N25: 0.71958885 | O25: 0.74064467 | P25: 0.78096774 | Q25: 0.69694908 | R25: 0.71141225 | S25: 0.78734722 | T25: 0.68039999 | U25: 0.68982077 | V25: 0.78211022 | W25: 0.70246724 | X25: 0.7154518 | Y25: 0.78686828 | Z25: 0.68443806 | AA25: 0.69653297 | AB25: 0.75577778 | AC25: 0.7239611 | AD25: 0.73708556 | AE25: 0.7980914 | AF25: 0.71569656 | AG25: 0.72693302 | AH25: 0.79976389 | AI25: 0.49751373 | AJ25: 0.50549649 | AK25: 0.55198925 | AL25: 0.69920626 | AM25: 0.70458888 | AN25: 0.78098118 | AO25: 0.68919485 | AP25: 0.7350561 | AQ25: 0.75222701 | AR25: 0.71376583 | AS25: 0.72320566 | AT25: 0.8225 | AU25: 0.64350453 | AV25: 0.70534126 | AW25: 0.74990278 | AX25: 0.656324 | AY25: 0.66901612 | AZ25: 0.77221774 | BA25: 0.65427778 | BB25: 0.66627065 | BC25: 0.77331944 | BD25: 0.63079585 | BE25: 0.64026996 | BF25: 0.75077957 | BG25: 0.67995793 | BH25: 0.69964045 | BI25: 0.76474309
... A28: BFX1 | B28: 0.3653156 | C28: 0.62043745 | D28: 0.3905914 | E28: 0.63267027 | F28: 0.70487454 | G28: 0.38818966 | H28: 0.48509387 | I28: 0.780858 | J28: 0.49442204 | K28: 0.57292318 | L28: 0.68874485 | M28: 0.45197222 | N28: 0.59522789 | O28: 0.87240592 | P28: 0.51178763 | Q28: 0.58775884 | R28: 0.87664715 | S28: 0.55191667 | T28: 0.61876025 | U28: 0.79449478 | V28: 0.61391129 | W28: 0.61472598 | X28: 0.82237357 | Y28: 0.64647849 | Z28: 0.64299894 | AA28: 0.77650229 | AB28: 0.64736111 | AC28: 0.51261678 | AD28: 0.6368434 | AE28: 0.53416667 | AF28: 0.60783468 | AG28: 0.77249173 | AH28: 0.66730556 | AI28: 0.64458614 | AJ28: 0.77659652 | AK28: 0.29782258 | AL28: 0.58472102 | AM28: 0.78868693 | AN28: 0.57122312 | AO28: 0.59684872 | AP28: 0.66987978 | AQ28: 0.59158046 | AR28: 0.54517012 | AS28: 0.69943553 | AT28: 0.52116935 | AU28: 0.71624296 | AV28: 0.83470896 | AW28: 0.62290278 | AX28: 0.64726429 | AY28: 0.80810089 | AZ28: 0.63026882 | BA28: 0.45317744 | BB28: 0.72593366 | BC28: 0.46447222 | BD28: 0.26427444 | BE28: 0.29654588 | BF28: 0.26287634 | BG28: 0.55604451 | BH28: 0.72788257 | BI28: 0.5186658
A29: BIM 1 (815) | B29: 0.41109667 | C29: 0.61476168 | D29: 0.37126344 | E29: 0.47221445 | F29: 0.67058181 | G29: 0.39873563 | H29: 0.32824066 | I29: 0.54623249 | J29: 0.34232527 | K29: 0.32481603 | L29: 0.66909288 | M29: 0.32529167 | N29: 0.50632929 | O29: 0.64775851 | P29: 0.51344086 | Q29: 0.67026108 | R29: 0.68906835 | S29: 0.67726389 | T29: 0.3982248 | U29: 0.72433286 | V29: 0.39834677 | W29: 0.33610354 | X29: 0.55563063 | Y29: 0.34724462 | Z29: 0.44548321 | AA29: 0.58314459 | AB29: 0.60858333 | AC29: 0.45990437 | AD29: 0.7028037 | AE29: 0.51456989 | AF29: 0.33237867 | AG29: 0.49098903 | AH29: 0.37406944 | AI29: 0.39239943 | AJ29: 0.59345937 | AK29: 0.41479839 | AL29: 0.30841398 | AM29: 0.43943543 | AN29: 0.38530914 | AO29: #DIV/0! | AP29: #DIV/0! | AQ29: #DIV/0! | AR29: 0.37035682 | AS29: 0.55665521 | AT29: 0.37112903 | AU29: 0.62756992 | AV29: 0.7984707 | AW29: 0.62036111 | AX29: 0.47354508 | AY29: 0.59814539 | AZ29: 0.46982527 | BA29: 0.22709815 | BB29: 0.60548715 | BC29: 0.19244444 | BD29: 0.015874925 | BE29: 0.022493929 | BF29: 0.015712366 | BG29: 0.3961568 | BH29: 0.5852204 | BI29: 0.40721212
A30: BIM 10 (997) | B30: 0.45390684 | C30: 0.74387244 | D30: 0.45887097 | E30: 0.42840448 | F30: 0.749371 | G30: 0.43788793 | H30: 0.49063067 | I30: 0.78516641 | J30: 0.52708333 | K30: 0.48049218 | L30: 0.73442206 | M30: 0.49709722 | N30: 0.4399821 | O30: 0.72515587 | P30: 0.49037634 | Q30: 0.47404375 | R30: 0.80622393 | S30: 0.50459722 | T30: 0.56027607 | U30: 0.79657052 | V30: 0.57306452 | W30: 0.48269768 | X30: 0.73590572 | Y30: 0.49114247 | Z30: 0.47826889 | AA30: 0.79484035 | AB30: 0.47730556 | AC30: 0.5551186 | AD30: 0.76848838 | AE30: 0.5791129 | AF30: 0.3942156 | AG30: 0.78402088 | AH30: 0.44679167 | AI30: 0.45436211 | AJ30: 0.77461166 | AK30: 0.45099462 | AL30: 0.42176686 | AM30: 0.76956532 | AN30: 0.46610215 | AO30: 0.52375756 | AP30: 0.72299517 | AQ30: 0.53774425 | AR30: 0.56152464 | AS30: 0.8233581 | AT30: 0.59168011 | AU30: 0.59078277 | AV30: 0.78453664 | AW30: 0.63941667 | AX30: 0.55027229 | AY30: 0.77753532 | AZ30: 0.61099462 | BA30: 0.49021328 | BB30: 0.78566892 | BC30: 0.543625 | BD30: 0.096338907 | BE30: 0.62893744 | BF30: 0.12673387 | BG30: 0.46929374 | BH30: 0.76845229 | BI30: 0.49725245
A31: BIM 11 (991) | B31: 0.72702254 | C31: 0.82155198 | D31: 0.63563172 | E31: 0.69815597 | F31: 0.82798866 | G31: 0.64185345 | H31: 0.6971829 | I31: 0.79855989 | J31: 0.68405914 | K31: 0.71883561 | L31: 0.79214426 | M31: 0.72488889 | N31: 0.67173326 | O31: 0.75266059 | P31: 0.68669355 | Q31: 0.59391252 | R31: 0.77094477 | S31: 0.60648611 | T31: 0.65396738 | U31: 0.78403887 | V31: 0.63358871 | W31: 0.67697774 | X31: 0.74879755 | Y31: 0.70639785 | Z31: 0.67357127 | AA31: 0.76973388 | AB31: 0.70538889 | AC31: 0.7002941 | AD31: 0.76253389 | AE31: 0.7372043 | AF31: 0.66431275 | AG31: 0.72767559 | AH31: 0.69723611 | AI31: 0.66754992 | AJ31: 0.73961241 | AK31: 0.66311828 | AL31: 0.64528447 | AM31: 0.76200091 | AN31: 0.65723118 | AO31: 0.69598754 | AP31: 0.75208377 | AQ31: 0.71185345 | AR31: 0.70301048 | AS31: 0.84498426 | AT31: 0.71912634 | AU31: 0.58682275 | AV31: 0.72580868 | AW31: 0.61697222 | AX31: 0.62974808 | AY31: 0.78422802 | AZ31: 0.66712366 | BA31: 0.66148024 | BB31: 0.7810242 | BC31: 0.69815278 | BD31: 0.7080326 | BE31: 0.75946819 | BF31: 0.74377688 | BG31: 0.67208342 | BH31: 0.77343627 | BI31: 0.68097366
A32: BIM 12 | B32: 0.32266473 | C32: 0.72887291 | D32: 0.34051075 | E32: 0.63367563 | F32: 0.78059809 | G32: 0.4266523 | H32: 0.43095461 | I32: 0.67308355 | J32: 0.45938172 | K32: 0.34054284 | L32: 0.61242014 | M32: 0.41440278 | N32: 0.51231039 | O32: 0.63823692 | P32: 0.3744086 | Q32: 0.54945308 | R32: 0.68437357 | S32: 0.37681944 | T32: 0.51909303 | U32: 0.63086868 | V32: 0.36798387 | W32: 0.20335354 | X32: 0.39314801 | Y32: 0.22081989 | Z32: 0.52421419 | AA32: 0.64969672 | AB32: 0.42241667 | AC32: 0.63069954 | AD32: 0.7562238 | AE32: 0.54975806 | AF32: 0.37560865 | AG32: 0.67222447 | AH32: 0.38226389 | AI32: 0.24257807 | AJ32: 0.27143401 | AK32: 0.45663978 | AL32: 0.51360224 | AM32: 0.72931296 | AN32: 0.53259409 | AO32: 0.53540518 | AP32: 0.71095646 | AQ32: 0.55675287 | AR32: 0.40180818 | AS32: 0.7081184 | AT32: 0.44081989 | AU32: 0.50129008 | AV32: 0.75841914 | AW32: 0.51629167 | AX32: 0.61079741 | AY32: 0.78195683 | AZ32: 0.61830645 | BA32: 0.64929621 | BB32: 0.75195649 | BC32: 0.67969444 | BD32: 0.68099566 | BE32: 0.81006551 | BF32: 0.68908602 | BG32: 0.48048572 | BH32: 0.68200119 | BI32: 0.46430915
A33: BIM 17 | B33: 0.6155147 | C33: 0.69322806 | D33: 0.6208871 | E33: 0.65182447 | F33: 0.70988056 | G33: 0.69176724 | H33: 0.51873976 | I33: 0.57403022 | J33: 0.55754032 | K33: 0.67592485 | L33: 0.7524167 | M33: 0.71475 | N33: 0.6719113 | O33: 0.74354567 | P33: 0.67889785 | Q33: 0.61954973 | R33: 0.64587047 | S33: 0.70158333 | T33: 0.60401939 | U33: 0.7629423 | V33: 0.64534946 | W33: 0.68520196 | X33: 0.72005116 | Y33: 0.69987903 | Z33: 0.70775619 | AA33: 0.76863401 | AB33: 0.74016667 | AC33: 0.69027729 | AD33: 0.7678012 | AE33: 0.75120968 | AF33: 0.67813552 | AG33: 0.74253088 | AH33: 0.69488889 | AI33: 0.70152706 | AJ33: 0.78095665 | AK33: 0.67967742 | AL33: 0.51136514 | AM33: 0.61571796 | AN33: 0.48666667 | AO33: 0.6745973 | AP33: 0.74357694 | AQ33: 0.66731322 | AR33: 0.53629372 | AS33: 0.57327949 | AT33: 0.58883065 | AU33: 0.64129025 | AV33: 0.74272378 | AW33: 0.65180556 | AX33: 0.5558057 | AY33: 0.58447521 | AZ33: 0.57274194 | BA33: 0.40709722 | BB33: 0.41929762 | BC33: 0.42129167 | BD33: 0.66904249 | BE33: 0.77198748 | BF33: 0.70052419 | BG33: 0.62113704 | BH33: 0.68716669 | BI33: 0.64524396
A34: BIM 2 (820) | B34: 0.37758229 | C34: 0.61737979 | D34: 0.33483871 | E34: 0.31784747 | F34: 0.46333544 | G34: 0.30395115 | H34: 0.30043951 | I34: 0.52820246 | J34: 0.31356183 | K34: 0.31653281 | L34: 0.5808178 | M34: 0.31816667 | N34: 0.3872901 | O34: 0.53971897 | P34: 0.40248656 | Q34: 0.40286584 | R34: 0.57383196 | S34: 0.25597222 | T34: 0.32060053 | U34: 0.59847953 | V34: 0.33826613 | W34: 0.28211921 | X34: 0.52911206 | Y34: 0.29724462 | Z34: 0.36630096 | AA34: 0.62522189 | AB34: 0.37069444 | AC34: 0.32808504 | AD34: 0.51836965 | AE34: 0.34323925 | AF34: 0.3290901 | AG34: 0.42706119 | AH34: 0.33009722 | AI34: 0.33371936 | AJ34: 0.50490604 | AK34: 0.33223118 | AL34: 0.23503716 | AM34: 0.28993269 | AN34: 0.2472043 | AO34: 0.40252652 | AP34: 0.51142692 | AQ34: 0.2933908 | AR34: 0.24422371 | AS34: 0.29225845 | AT34: 0.25268817 | AU34: 0.23479834 | AV34: 0.42302736 | AW34: 0.24790278 | AX34: 0.20519614 | AY34: 0.23881067 | AZ34: 0.22584677 | BA34: 0.29401013 | BB34: 0.40449956 | BC34: 0.31351389 | BD34: 0.10543481 | BE34: 0.12500401 | BF34: 0.1150672 | BG34: 0.29906594 | BH34: 0.43883825 | BI34: 0.29653929
A35: BIM 4 (828) | B35: 0.72169023 | C35: 0.92088017 | D35: 0.58568548 | E35: 0.67887451 | F35: 0.88732865 | G35: 0.55604885 | H35: 0.78661849 | I35: 0.93424171 | J35: 0.67224462 | K35: 0.59462759 | L35: 0.88333296 | M35: 0.48109722 | N35: 0.5623885 | O35: 0.90025963 | P35: 0.48061828 | Q35: 0.71971486 | R35: 0.95977278 | S35: 0.58086111 | T35: 0.54614429 | U35: 0.86059523 | V35: 0.46168011 | W35: 0.62342664 | X35: 0.85014195 | Y35: 0.51444892 | Z35: 0.50857573 | AA35: 0.74253929 | AB35: 0.42431944 | AC35: 0.71569507 | AD35: 0.8683781 | AE35: 0.60884409 | AF35: 0.59834907 | AG35: 0.86792491 | AH35: 0.50493056 | AI35: 0.51987569 | AJ35: 0.81115522 | AK35: 0.40733871 | AL35: 0.53802737 | AM35: 0.8454209 | AN35: 0.45100806 | AO35: 0.69155171 | AP35: 0.84517468 | AQ35: 0.5304454 | AR35: 0.56483322 | AS35: 0.85420441 | AT35: 0.4740457 | AU35: 0.51958514 | AV35: 0.72903785 | AW35: 0.43038889 | AX35: 0.39700609 | AY35: 0.61305263 | AZ35: 0.34927419 | BA35: 0.53193548 | BB35: 0.83370703 | BC35: 0.43636111 | BD35: 0.78776262 | BE35: 0.88252701 | BF35: 0.69946237 | BG35: 0.610408 | BH35: 0.8500984 | BI35: 0.50792962
A36: BIM 6 (788) | B36: 0.6973539 | C36: 0.75578934 | D36: 0.69665323 | E36: 0.69685165 | F36: 0.79649019 | G36: 0.68889368 | H36: 0.71846774 | I36: 0.77955374 | J36: 0.74646505 | K36: 0.70459076 | L36: 0.77199202 | M36: 0.70438889 | N36: 0.64989825 | O36: 0.76215932 | P36: 0.65384409 | Q36: 0.71687546 | R36: 0.81024467 | S36: 0.70538889 | T36: 0.60582342 | U36: 0.76730113 | V36: 0.61538978 | W36: 0.62771717 | X36: 0.74299378 | Y36: 0.67227151 | Z36: 0.59142397 | AA36: 0.69643748 | AB36: 0.65422222 | AC36: 0.67947159 | AD36: 0.7831276 | AE36: 0.71068548 | AF36: 0.64829826 | AG36: 0.70337853 | AH36: 0.70084722 | AI36: 0.63467533 | AJ36: 0.73291925 | AK36: 0.63178763 | AL36: 0.5543414 | AM36: 0.70954478 | AN36: 0.60952957 | AO36: 0.52717767 | AP36: 0.61581931 | AQ36: 0.59079023 | AR36: 0.67621495 | AS36: 0.72765776 | AT36: 0.6950672 | AU36: 0.6770829 | AV36: 0.79153351 | AW36: 0.70119444 | AX36: 0.66633386 | AY36: 0.7981226 | AZ36: 0.65337366 | BA36: 0.64900335 | BB36: 0.77729088 | BC36: 0.64441667 | BD36: 0.63085605 | BE36: 0.78913347 | BF36: 0.64884409 | BG36: 0.65021019 | BH36: 0.753666 | BI36: 0.66973374
A37: BIM 7 (798) | B37: 0.62978007 | C37: 0.79009092 | D37: 0.64342742 | E37: 0.66249848 | F37: 0.7572071 | G37: 0.66487069 | H37: 0.69654588 | I37: 0.79773375 | J37: 0.72944892 | K37: 0.66961009 | L37: 0.77386544 | M37: 0.64811111 | N37: 0.59038811 | O37: 0.80420179 | P37: 0.59732527 | Q37: 0.64249093 | R37: 0.77515166 | S37: 0.65898611 | T37: 0.68295923 | U37: 0.82738932 | V37: 0.66899194 | W37: 0.62824943 | X37: 0.72818435 | Y37: 0.68909946 | Z37: 0.5757732 | AA37: 0.64817285 | AB37: 0.73873611 | AC37: 0.70268979 | AD37: 0.759631 | AE37: 0.79170699 | AF37: 0.79425475 | AG37: 0.88134625 | AH37: 0.68818056 | AI37: 0.64271774 | AJ37: 0.73294572 | AK37: 0.64557796 | AL37: 0.65749122 | AM37: 0.76271551 | AN37: 0.67622312 | AO37: 0.74347872 | AP37: 0.77728702 | AQ37: 0.77556034 | AR37: 0.73078298 | AS37: 0.79599784 | AT37: 0.76010753 | AU37: 0.69883625 | AV37: 0.78099085 | AW37: 0.69395833 | AX37: 0.76182049 | AY37: 0.83763591 | AZ37: 0.78686828 | BA37: 0.76354939 | BB37: 0.81922742 | BC37: 0.78066667 | BD37: 0.78084999 | BE37: 0.83135527 | BF37: 0.78782258 | BG37: 0.68679698 | BH37: 0.78337976 | BI37: 0.70657383
A38: BIM 9 (977) | B38: 0.6532276 | C38: 0.73640244 | D38: 0.62188172 | E38: 0.70738076 | F38: 0.76294664 | G38: 0.60462644 | H38: 0.67106299 | I38: 0.74776342 | J38: 0.66727151 | K38: 0.73673311 | L38: 0.80365684 | M38: 0.61638889 | N38: 0.73150705 | O38: 0.78065462 | P38: 0.69129032 | Q38: 0.669668 | R38: 0.70259409 | S38: 0.71008333 | T38: 0.71286545 | U38: 0.77777267 | V38: 0.71330645 | W38: 0.63047088 | X38: 0.67308363 | Y38: 0.70537634 | Z38: 0.66088685 | AA38: 0.72958235 | AB38: 0.70368056 | AC38: 0.67748644 | AD38: 0.73447194 | AE38: 0.73860215 | AF38: 0.65236083 | AG38: 0.69538765 | AH38: 0.701 | AI38: 0.5420268 | AJ38: 0.61331452 | AK38: 0.59040323 | AL38: 0.5650308 | AM38: 0.63219442 | AN38: 0.62423387 | AO38: 0.46901221 | AP38: 0.5960465 | AQ38: 0.57109195 | AR38: 0.62739726 | AS38: 0.6661312 | AT38: 0.66619624 | AU38: 0.60867571 | AV38: 0.69421244 | AW38: 0.67259722 | AX38: 0.55625527 | AY38: 0.63114602 | AZ38: 0.66669355 | BA38: 0.61728412 | BB38: 0.69081662 | BC38: 0.69952778 | BD38: 0.63229809 | BE38: 0.67524861 | BF38: 0.6956586 | BG38: 0.63716039 | BH38: 0.70227399 | BI38: 0.66667098
A39: BIM03 | B39: 0.39908681 | C39: 0.68066565 | D39: 0.50905914 | E39: 0.55186499 | F39: 0.7774903 | G39: 0.56873563 | H39: 0.37288483 | I39: 0.51405494 | J39: 0.58333333 | K39: 0.46040441 | L39: 0.57097551 | M39: 0.56018056 | N39: 0.53038028 | O39: 0.63557042 | P39: 0.58610215 | Q39: 0.48952797 | R39: 0.57339149 | S39: 0.62294444 | T39: 0.5143311 | U39: 0.63667258 | V39: 0.53876344 | W39: 0.33276777 | X39: 0.47828632 | Y39: 0.3821371 | Z39: 0.70706943 | AA39: 0.79464086 | AB39: 0.61234722 | AC39: 0.61682848 | AD39: 0.7499595 | AE39: 0.52432796 | AF39: 0.45517506 | AG39: 0.65499529 | AH39: 0.62730556 | AI39: 0.56961158 | AJ39: 0.70409675 | AK39: 0.40958333 | AL39: 0.48690809 | AM39: 0.63324227 | AN39: 0.57952957 | AO39: 0.49260922 | AP39: 0.67491749 | AQ39: 0.56182471 | AR39: 0.4268568 | AS39: 0.5830763 | AT39: 0.55772849 | AU39: 0.28480343 | AV39: 0.57303717 | AW39: 0.372125 | AX39: 0.40194246 | AY39: 0.71854417 | AZ39: 0.40827957 | BA39: 0.38091786 | BB39: 0.65251343 | BC39: 0.52756944 | BD39: 0.31330173 | BE39: 0.37309864 | BF39: 0.31509409 | BG39: 0.45146184 | BH39: 0.62203277 | BI39: 0.51756908
A40: BIM08 | B40: 0.33321237 | C40: 0.41957486 | D40: 0.39732527 | E40: 0.37024811 | F40: 0.42514459 | G40: 0.38466954 | H40: 0.60879163 | I40: 0.65725044 | J40: 0.59267473 | K40: 0.54045643 | L40: 0.60382146 | M40: 0.59504167 | N40: 0.65816848 | O40: 0.74208492 | P40: 0.45725806 | Q40: 0.66026247 | R40: 0.75845511 | S40: 0.44263889 | T40: 0.71512975 | U40: 0.73792838 | V40: 0.48155914 | W40: 0.51159482 | X40: 0.53483416 | Y40: 0.46623656 | Z40: 0.74152526 | AA40: 0.77096698 | AB40: 0.56856944 | AC40: 0.70213796 | AD40: 0.72630933 | AE40: 0.65557796 | AF40: 0.56526167 | AG40: 0.60230373 | AH40: 0.55186111 | AI40: 0.71587735 | AJ40: 0.75318357 | AK40: 0.33205645 | AL40: 0.44484019 | AM40: 0.47018795 | AN40: 0.48521505 | AO40: 0.51883192 | AP40: 0.73314178 | AQ40: 0.50640805 | AR40: 0.53910701 | AS40: 0.66056948 | AT40: 0.57157258 | AU40: 0.50808994 | AV40: 0.57379466 | AW40: 0.53540278 | AX40: 0.58940555 | AY40: 0.66019645 | AZ40: 0.56509409 | BA40: 0.68395803 | BB40: 0.70972194 | BC40: 0.68484722 | BD40: 0.63707477 | BE40: 0.66305291 | BF40: 0.67056452 | BG40: 0.56883235 | BH40: 0.63131912 | BI40: 0.52352547
A41: BIM13 | B41: 0.67956593 | C41: 0.70953982 | D41: 0.68083333 | E41: 0.70409 | F41: 0.71657555 | G41: 0.61418103 | H41: 0.65079187 | I41: 0.70717673 | J41: 0.58524194 | K41: 0.64003945 | L41: 0.68905371 | M41: 0.67398611 | N41: 0.63922687 | O41: 0.6719095 | P41: 0.67827957 | Q41: 0.64285024 | R41: 0.68754202 | S41: 0.61151389 | T41: 0.40448225 | U41: 0.4420378 | V41: 0.38349462 | W41: 0.66892983 | X41: 0.72692113 | Y41: 0.68099462 | Z41: 0.64444667 | AA41: 0.69065366 | AB41: 0.65831944 | AC41: 0.51245687 | AD41: 0.57460895 | AE41: 0.5321371 | AF41: 0.70762867 | AG41: 0.74889068 | AH41: 0.74940278 | AI41: 0.58763892 | AJ41: 0.69494401 | AK41: 0.46708333 | AL41: 0.492497 | AM41: 0.70935139 | AN41: 0.51681452 | AO41: 0.58425584 | AP41: 0.62541145 | AQ41: 0.60783046 | AR41: 0.66232297 | AS41: 0.68018926 | AT41: 0.71615591 | AU41: 0.71328751 | AV41: 0.72833652 | AW41: 0.77104167 | AX41: 0.64412175 | AY41: 0.66485709 | AZ41: 0.71947581 | BA41: 0.70238281 | BB41: 0.72290791 | BC41: 0.77270833 | BD41: 0.65030724 | BE41: 0.70462072 | BF41: 0.62002688 | BG41: 0.62937448 | BH41: 0.67995202 | BI41: 0.63306419
... A45: EX05 | B45: 0.57152064 | C45: 0.67560436 | D45: 0.61038978 | E45: 0.55743755 | F45: 0.60623266 | G45: 0.52886494 | H45: 0.58825297 | I45: 0.64403099 | J45: 0.5788172 | K45: 0.58867284 | L45: 0.67308266 | M45: 0.29090278 | N45: 0.64763152 | O45: 0.75925739 | P45: 0.54706989 | Q45: 0.62069663 | R45: 0.73264254 | S45: 0.49111111 | T45: 0.4975842 | U45: 0.58611019 | V45: 0.13587366 | W45: 0.52535397 | X45: 0.620636 | Y45: 0.29715054 | Z45: 0.44043646 | AA45: 0.59922457 | AB45: 0.40955556 | AC45: 0.376753 | AD45: 0.47949746 | AE45: 0.3403629 | AF45: 0.60156397 | AG45: 0.69415156 | AH45: 0.54915278 | AI45: 0.57486313 | AJ45: 0.68153568 | AK45: 0.36208333 | AL45: 0.58040897 | AM45: 0.67928204 | AN45: 0.5911828 | AO45: 0.63517586 | AP45: 0.7036884 | AQ45: 0.71025862 | AR45: 0.66697626 | AS45: 0.73606463 | AT45: 0.74020161 | AU45: 0.62263176 | AV45: 0.73588865 | AW45: 0.45306944 | AX45: 0.588256 | AY45: 0.68856414 | AZ45: 0.56362903 | BA45: 0.52493801 | BB45: 0.58619373 | BC45: 0.63466667 | BD45: 0.56346966 | BE45: 0.62506711 | BF45: 0.3213172 | BG45: 0.57203486 | BH45: 0.66304606 | BI45: 0.48103411
A46: EXT06 | B46: #DIV/0! | C46: #DIV/0! | D46: #DIV/0! | E46: #DIV/0! | F46: #DIV/0! | G46: #DIV/0! | H46: #DIV/0! | I46: #DIV/0! | J46: #DIV/0! | K46: #DIV/0! | L46: #DIV/0! | M46: #DIV/0! | N46: #DIV/0! | O46: #DIV/0! | P46: #DIV/0! | Q46: #DIV/0! | R46: #DIV/0! | S46: #DIV/0! | T46: #DIV/0! | U46: #DIV/0! | V46: #DIV/0! | W46: #DIV/0! | X46: #DIV/0! | Y46: #DIV/0! | Z46: #DIV/0! | AA46: #DIV/0! | AB46: #DIV/0! | AC46: #DIV/0! | AD46: #DIV/0! | AE46: #DIV/0! | AF46: #DIV/0! | AG46: #DIV/0! | AH46: #DIV/0! | AI46: 0.31278634 | AJ46: 0.32273313 | AK46: 0.0066935484 | AL46: 0.46191038 | AM46: 0.67901306 | AN46: 0.17350806 | AO46: 0.49080984 | AP46: 0.66722709 | AQ46: 0.36196839 | AR46: 0.50429961 | AS46: 0.70345721 | AT46: 0.52026882 | AU46: 0.46162601 | AV46: 0.58061478 | AW46: 0.513625 | AX46: 0.59963715 | AY46: 0.71486565 | AZ46: 0.62172043 | BA46: 0.59150051 | BB46: 0.69538276 | BC46: 0.62654167 | BD46: 0.4632895 | BE46: 0.54711417 | BF46: 0.46319892 | BG46: 0.51696728 | BH46: 0.65217994 | BI46: 0.41003757
A47: Extruder 4 (994) | B47: 0.60280808 | C47: 0.62037258 | D47: 0.64150538 | E47: 0.67047642 | F47: 0.68149795 | G47: 0.62418103 | H47: 0.57778138 | I47: 0.59303681 | J47: 0.68475806 | K47: 0.58466014 | L47: 0.59715857 | M47: 0.68047222 | N47: 0.65353681 | O47: 0.71037387 | P47: 0.71025538 | Q47: 0.68874043 | R47: 0.70417335 | S47: 0.82623611 | T47: 0.66497762 | U47: 0.69652687 | V47: 0.73247312 | W47: 0.60184675 | X47: 0.68441727 | Y47: 0.63814516 | Z47: 0.23460924 | AA47: 0.23676368 | AB47: 0.25819444 | AC47: 0 | AD47: 0 | AE47: 0 | AF47: 0 | AG47: 0 | AH47: 0 | AI47: 0 | AJ47: 0 | AK47: 0 | AL47: 0 | AM47: 0 | AN47: 0 | AO47: 0 | AP47: 0 | AQ47: 0 | AR47: 0 | AS47: 0 | AT47: 0 | AU47: 0 | AV47: 0 | AW47: 0 | AX47: 0 | AY47: 0 | AZ47: 0 | BA47: 0 | BB47: 0 | BC47: 0 | BD47: 0 | BE47: 0 | BF47: 0 | BG47: 0.27187152 | BH47: 0.27727078 | BI47: 0.30512881
A48: HF11 | B48: 0.63957602 | C48: 0.69650169 | D48: 0.59384409 | E48: 0.6816447 | F48: 0.7216424 | G48: 0.64143678 | H48: 0.61812891 | I48: 0.68372032 | J48: 0.57224462 | K48: 0.63146432 | L48: 0.70211453 | M48: 0.63923611 | N48: 0.67249023 | O48: 0.7192573 | P48: 0.67063172 | Q48: 0.6147176 | R48: 0.66421879 | S48: 0.60111111 | T48: 0.70645521 | U48: 0.74201425 | V48: 0.68793011 | W48: 0.60676512 | X48: 0.67688083 | Y48: 0.58448925 | Z48: 0.64909756 | AA48: 0.69045834 | AB48: 0.609875 | AC48: 0.66160419 | AD48: 0.70075794 | AE48: 0.5700672 | AF48: 0.70207779 | AG48: 0.75049955 | AH48: 0.65755556 | AI48: 0.43488299 | AJ48: 0.4584282 | AK48: 0.41013441 | AL48: 0.65366489 | AM48: 0.69924669 | AN48: 0.64666667 | AO48: 0.67408023 | AP48: 0.76043566 | AQ48: 0.65781609 | AR48: 0.70817211 | AS48: 0.7419072 | AT48: 0.69247312 | AU48: 0.68713495 | AV48: 0.73702703 | AW48: 0.59388889 | AX48: 0.72849644 | AY48: 0.78091827 | AZ48: 0.68495968 | BA48: 0.69274284 | BB48: 0.75475247 | BC48: 0.65286111 | BD48: 0.69219407 | BE48: 0.75967204 | BF48: 0.61752688 | BG48: 0.65633064 | BH48: 0.70792996 | BI48: 0.61998993
A49: HF12 | B49: #DIV/0! | C49: #DIV/0! | D49: #DIV/0! | E49: 0.0094548269 | F49: 0.0094548269 | G49: 0.0093965517 | H49: 0.063169674 | I49: 0.066419579 | J49: 0.022392473 | K49: 0.14814499 | L49: 0.15993989 | M49: 0.092555556 | N49: 0.23973307 | O49: 0.29290421 | P49: 0.17106183 | Q49: 0.30787248 | R49: 0.36473246 | S49: 0.24769444 | T49: 0.18850321 | U49: 0.2127564 | V49: 0.071975806 | W49: 0.21496231 | X49: 0.27564916 | Y49: 0.16051075 | Z49: 0.37662707 | AA49: 0.42403686 | AB49: 0.10831944 | AC49: 0.30221682 | AD49: 0.33742456 | AE49: 0.096034946 | AF49: 0.14982495 | AG49: 0.16809498 | AH49: 0.0665 | AI49: 0.080810106 | AJ49: 0.08427688 | AK49: 0.050282258 | AL49: 0.30955576 | AM49: 0.34552621 | AN49: 0.075443548 | AO49: 0.28536418 | AP49: 0.31073868 | AQ49: 0.054295977 | AR49: -8.3994792e-05 | AS49: -8.4498711e-05 | AT49: 0.0013978495 | AU49: 0.051310884 | AV49: 0.058735858 | AW49: 0.018555556 | AX49: 0.13955645 | AY49: 0.17114043 | AZ49: 0.12134409 | BA49: 0.18414478 | BB49: 0.23889203 | BC49: 0.11338889 | BD49: 0.10806037 | BE49: 0.21250395 | BF49: 0.032137097 | BG49: 0.17704714 | BH49: 0.20524751 | BI49: 0.084192518
A50: HF17 | B50: 0.14166981 | C50: 0.17116706 | D50: 0.085564516 | E50: 0.37195992 | F50: 0.42455974 | G50: 0.34079023 | H50: 0.36618504 | I50: 0.39006024 | J50: 0.17237903 | K50: 0.45599532 | L50: 0.50534777 | M50: 0.35965278 | N50: 0.40540799 | O50: 0.46192806 | P50: 0.43672043 | Q50: 0.42433264 | R50: 0.46413937 | S50: 0.25811111 | T50: 0.39158586 | U50: 0.51511941 | V50: 0.18205645 | W50: 0.52683425 | X50: 0.58977092 | Y50: 0.41924731 | Z50: 0.429324 | AA50: 0.5012373 | AB50: 0.31426389 | AC50: 0.40129151 | AD50: 0.42441325 | AE50: 0.33596774 | AF50: 0.53648589 | AG50: 0.60130808 | AH50: 0.39143056 | AI50: 0.55615216 | AJ50: 0.60209463 | AK50: 0.35126344 | AL50: 0.28026574 | AM50: 0.41943213 | AN50: 0.26651882 | AO50: 0.33511282 | AP50: 0.35461863 | AQ50: 0.30737069 | AR50: 0.44577676 | AS50: 0.47809391 | AT50: 0.27 | AU50: 0.41598468 | AV50: 0.47003166 | AW50: 0.39425 | AX50: 0.28861753 | AY50: 0.32364168 | AZ50: 0.29572581 | BA50: 0.24909855 | BB50: 0.27132589 | BC50: 0.26875 | BD50: 0.56570122 | BE50: 0.64651805 | BF50: 0.31862903 | BG50: 0.39010526 | BH50: 0.4439233 | BI50: 0.30318941
A51: HU1 (849) | B51: 0.57780956 | C51: 0.60985143 | D51: 0.58307796 | E51: 0.61388141 | F51: 0.64813571 | G51: 0.5958908 | H51: 0.62104618 | I51: 0.67992194 | J51: 0.6502957 | K51: 0.63069425 | L51: 0.66406113 | M51: 0.61484722 | N51: 0.60192156 | O51: 0.62749044 | P51: 0.60352151 | Q51: 0.64384417 | R51: 0.67612227 | S51: 0.65588889 | T51: 0.66435429 | U51: 0.6884868 | V51: 0.66642473 | W51: 0.56281195 | X51: 0.66535911 | Y51: 0.57450269 | Z51: 0.46553396 | AA51: 0.59876058 | AB51: 0.47155556 | AC51: 0.55612545 | AD51: 0.63750431 | AE51: 0.56725806 | AF51: 0.53562219 | AG51: 0.59028557 | AH51: 0.51851389 | AI51: 0.55783261 | AJ51: 0.59562019 | AK51: 0.49981183 | AL51: 0.45311409 | AM51: 0.49574013 | AN51: 0.4500672 | AO51: 0.61866438 | AP51: 0.64748002 | AQ51: 0.58275862 | AR51: 0.58693183 | AS51: 0.62082133 | AT51: 0.57228495 | AU51: 0.60181944 | AV51: 0.6358303 | AW51: 0.61690278 | AX51: 0.54905078 | AY51: 0.57658352 | AZ51: 0.54337366 | BA51: 0.58210642 | BB51: 0.6147264 | BC51: 0.61198611 | BD51: 0.62898909 | BE51: 0.67384971 | BF51: 0.64005376 | BG51: 0.58206027 | BH51: 0.62993985 | BI51: 0.57986615
A52: HU2 | B52: 0.41766017 | C52: 0.61534538 | D52: 0.4341129 | E52: 0.46067036 | F52: 0.61360517 | G52: 0.44395115 | H52: 0.32423098 | I52: 0.4821395 | J52: 0.35944892 | K52: 0.44000133 | L52: 0.62404806 | M52: 0.43366667 | N52: 0.37281215 | O52: 0.49617795 | P52: 0.41543011 | Q52: 0.54764549 | R52: 0.70121826 | S52: 0.55461111 | T52: 0.46627532 | U52: 0.60020574 | V52: 0.50599462 | W52: 0.36013595 | X52: 0.58254035 | Y52: 0.41010753 | Z52: 0.48046466 | AA52: 0.66265133 | AB52: 0.50279167 | AC52: 0.44452679 | AD52: 0.65858456 | AE52: 0.43823925 | AF52: 0.11370521 | AG52: 0.32391427 | AH52: 0.14045833 | AI52: 0.08293376 | AJ52: 0.50169407 | AK52: 0.096989247 | AL52: 0.26970709 | AM52: 0.63002327 | AN52: 0.31938172 | AO52: 0.086639093 | AP52: 0.26637765 | AQ52: 0.11446839 | AR52: 0.19505114 | AS52: 0.41377737 | AT52: 0.24540323 | AU52: 0.33951522 | AV52: 0.55275171 | AW52: 0.39370833 | AX52: 0.39265652 | AY52: 0.59594711 | AZ52: 0.47137097 | BA52: 0.38425322 | BB52: 0.59292358 | BC52: 0.44836111 | BD52: 0.36725008 | BE52: 0.47425383 | BF52: 0.42321237 | BG52: 0.3421059 | BH52: 0.56402191 | BI52: 0.37670553
A53: HU3 | B53: #DIV/0! | C53: #DIV/0! | D53: #DIV/0! | E53: #DIV/0! | F53: #DIV/0! | G53: #DIV/0! | H53: #DIV/0! | I53: #DIV/0! | J53: #DIV/0! | K53: #DIV/0! | L53: #DIV/0! | M53: #DIV/0! | N53: 0.60488451 | O53: 0.62284171 | P53: 0.60120968 | Q53: 0.59634522 | R53: 0.60961579 | S53: 0.55930556 | T53: 0.51007884 | U53: 0.52803786 | V53: 0.56560484 | W53: 0.44262578 | X53: 0.47692856 | Y53: 0.47772849 | Z53: 0.5389833 | AA53: 0.58200176 | AB53: 0.55469444 | AC53: 0.53603807 | AD53: 0.55915159 | AE53: 0.58903226 | AF53: 0.40440512 | AG53: 0.45243365 | AH53: 0.42543056 | AI53: 0.26000095 | AJ53: 0.4078445 | AK53: 0.2447043 | AL53: 0.38787688 | AM53: 0.43846441 | AN53: 0.37516129 | AO53: 0.41904988 | AP53: 0.45297843 | AQ53: 0.52889368 | AR53: 0.51064667 | AS53: 0.52037709 | AT53: 0.45774194 | AU53: 0.23677035 | AV53: 0.31012303 | AW53: 0.26875 | AX53: 0.40346823 | AY53: 0.41328153 | AZ53: 0.36399194 | BA53: 0.43344426 | BB53: 0.45719733 | BC53: 0.54959722 | BD53: 0.46864111 | BE53: 0.48328327 | BF53: 0.52956989 | BG53: 0.45258153 | BH53: 0.49484025 | BI53: 0.47252911
A54: Keifel11 (978) | B54: 0.58281619 | C54: 0.60622774 | D54: 0.63994624 | E54: 0.63383954 | F54: 0.64993356 | G54: 0.66442529 | H54: 0.63310491 | I54: 0.6458946 | J54: 0.43736559 | K54: 0.62902038 | L54: 0.64801893 | M54: 0.70959722 | N54: 0.68729982 | O54: 0.700916 | P54: 0.15071237 | Q54: 0.48816181 | R54: 0.50916828 | S54: 0.51738889 | T54: 0.51947443 | U54: 0.5374577 | V54: 0.58862903 | W54: 0.62561226 | X54: 0.64371991 | Y54: 0.70056452 | Z54: 0.60838704 | AA54: 0.6351938 | AB54: 0.60905556 | AC54: 0.59537126 | AD54: 0.62257628 | AE54: 0.63526882 | AF54: 0.54452779 | AG54: 0.56123523 | AH54: 0.62516667 | AI54: 0.54106522 | AJ54: 0.56418657 | AK54: 0.5797043 | AL54: 0.56171243 | AM54: 0.58330731 | AN54: 0.60130376 | AO54: 0.59159589 | AP54: 0.61497255 | AQ54: 0.63188218 | AR54: 0.52856675 | AS54: 0.54253157 | AT54: 0.61958333 | AU54: 0.56487388 | AV54: 0.58690827 | AW54: 0.64761111 | AX54: 0.60527511 | AY54: 0.62101385 | AZ54: 0.68590054 | BA54: 0.60265352 | BB54: 0.61899065 | BC54: 0.69288889 | BD54: 0.63813775 | BE54: 0.65563966 | BF54: 0.6859543 | BG54: 0.58349135 | BH54: 0.60323182 | BI54: 0.60054764
A55: Keifel12 (979) | B55: 0.63243879 | C55: 0.65544435 | D55: 0.63170699 | E55: 0.58399882 | F55: 0.59238418 | G55: 0.56163793 | H55: 0.67470564 | I55: 0.68651689 | J55: 0.70520161 | K55: 0.72452496 | L55: 0.7453523 | M55: 0.728125 | N55: 0.64451549 | O55: 0.66359063 | P55: 0.65231183 | Q55: 0.72549993 | R55: 0.74591875 | S55: 0.70319444 | T55: 0.66083728 | U55: 0.67735821 | V55: 0.61869624 | W55: 0.65443808 | X55: 0.66882852 | Y55: 0.65633065 | Z55: 0.68590964 | AA55: 0.70918862 | AB55: 0.678875 | AC55: 0.71994177 | AD55: 0.7517279 | AE55: 0.71803763 | AF55: 0.76976976 | AG55: 0.80500229 | AH55: 0.73191667 | AI55: 0.72141152 | AJ55: 0.75161321 | AK55: 0.66817204 | AL55: 0.66408618 | AM55: 0.68670632 | AN55: 0.62634409 | AO55: 0.71434811 | AP55: 0.73578843 | AQ55: 0.33627874 | AR55: 0.7324209 | AS55: 0.78790609 | AT55: 0.38376344 | AU55: 0.42992024 | AV55: 0.47433191 | AW55: 0.46651389 | AX55: 0.58015856 | AY55: 0.61673976 | AZ55: 0.61939516 | BA55: 0.54297118 | BB55: 0.57302901 | BC55: 0.61798611 | BD55: 0.56567453 | BE55: 0.59783218 | BF55: 0.59798387 | BG55: 0.65113411 | BH55: 0.67742355 | BI55: 0.61667386
A56: Kiefel 10 | B56: 0.5633462 | C56: 0.594326 | D56: 0.59747312 | E56: 0.54381535 | F56: 0.5783983 | G56: 0.59443966 | H56: 0.51560215 | I56: 0.5520667 | J56: 0.64307796 | K56: 0.55865093 | L56: 0.62769655 | M56: 0.53761111 | N56: 0.60340955 | O56: 0.65828723 | P56: 0.63836022 | Q56: 0.62800798 | R56: 0.68736923 | S56: 0.64161111 | T56: 0.63118875 | U56: 0.69511905 | V56: 0.65155914 | W56: 0.59979877 | X56: 0.68879884 | Y56: 0.59534946 | Z56: 0.54103628 | AA56: 0.630819 | AB56: 0.566 | AC56: 0.64306697 | AD56: 0.71020165 | AE56: 0.69475806 | AF56: 0.6529782 | AG56: 0.72595896 | AH56: 0.68027778 | AI56: 0.57665244 | AJ56: 0.65362728 | AK56: 0.43849462 | AL56: 0.67490042 | AM56: 0.74188508 | AN56: 0.68501344 | AO56: 0.56641021 | AP56: 0.71364431 | AQ56: 0.59170977 | AR56: 0.6752968 | AS56: 0.74103776 | AT56: 0.73333333 | AU56: 0.61771832 | AV56: 0.72027524 | AW56: 0.618625 | AX56: 0.60100095 | AY56: 0.67111986 | AZ56: 0.34995968 | BA56: 0.6259897 | BB56: 0.71508539 | BC56: 0.41051389 | BD56: 0.64210439 | BE56: 0.69704333 | BF56: 0.66020161 | BG56: 0.60446009 | BH56: 0.67355917 | BI56: 0.59646373
A57: Kiefel 13 | B57: 0.58853578 | C57: 0.60953228 | D57: 0.61977151 | E57: 0.56238376 | F57: 0.58103826 | G57: 0.59428161 | H57: 0.54900724 | I57: 0.56839436 | J57: 0.59297043 | K57: 0.57315271 | L57: 0.61381209 | M57: 0.614375 | N57: 0.57514239 | O57: 0.59537952 | P57: 0.64725806 | Q57: 0.55914575 | R57: 0.58464687 | S57: 0.61941667 | T57: 0.58806611 | U57: 0.61041965 | V57: 0.67981183 | W57: 0.62388364 | X57: 0.65032448 | Y57: 0.71290323 | Z57: 0.54606302 | AA57: 0.56526456 | AB57: 0.62191667 | AC57: 0.58849197 | AD57: 0.60626197 | AE57: 0.48357527 | AF57: 0.56945122 | AG57: 0.58630878 | AH57: 0.50380556 | AI57: 0.53270444 | AJ57: 0.57366081 | AK57: 0.45110215 | AL57: 0.59585659 | AM57: 0.61378406 | AN57: 0.66873656 | AO57: 0.62672852 | AP57: 0.6760186 | AQ57: 0.69014368 | AR57: 0.62042468 | AS57: 0.62760719 | AT57: 0.71774194 | AU57: 0.63821076 | AV57: 0.65253182 | AW57: 0.66522222 | AX57: 0.57745937 | AY57: 0.59554 | AZ57: 0.66282258 | BA57: 0.58421875 | BB57: 0.59525107 | BC57: 0.69986111 | BD57: 0.59534555 | BE57: 0.6119518 | BF57: 0.64772849 | BG57: 0.58485408 | BH57: 0.6068145 | BI57: 0.62591249
A58: Kiefel 14 | B58: 0.51807547 | C58: 0.54006322 | D58: 0.59379032 | E58: 0.51061874 | F58: 0.52636731 | G58: 0.60897989 | H58: 0.52738898 | I58: 0.55283905 | J58: 0.63399194 | K58: 0.54325084 | L58: 0.56321521 | M58: 0.62790278 | N58: 0.60509924 | O58: 0.62475579 | P58: 0.65829301 | Q58: 0.56900747 | R58: 0.59023527 | S58: 0.65733333 | T58: 0.311125 | U58: 0.31831358 | V58: 0.14678763 | W58: 0.53976308 | X58: 0.59907353 | Y58: 0.4074328 | Z58: 0.41549247 | AA58: 0.44420842 | AB58: 0.52388889 | AC58: 0.46561409 | AD58: 0.48988667 | AE58: 0.58629032 | AF58: 0.51107382 | AG58: 0.54577902 | AH58: 0.58838889 | AI58: 0.4976004 | AJ58: 0.53584053 | AK58: 0.37795699 | AL58: 0.53206547 | AM58: 0.56117108 | AN58: 0.59780914 | AO58: 0.57104843 | AP58: 0.59553963 | AQ58: 0.59895115 | AR58: 0.56146604 | AS58: 0.58787933 | AT58: 0.63002688 | AU58: 0.51995576 | AV58: 0.58141574 | AW58: 0.59934722 | AX58: 0.53549034 | AY58: 0.56642689 | AZ58: 0.59192204 | BA58: 0.4916563 | BB58: 0.54479338 | BC58: 0.59745833 | BD58: 0.55200011 | BE58: 0.5942483 | BF58: 0.65626344 | BG58: 0.52181385 | BH58: 0.55274171 | BI58: 0.56158391
A59: Kiefel 2 | B59: 0.074983307 | C59: 0.62854478 | D59: 0.058172043 | E59: 0.023047091 | F59: 0.092239468 | G59: 0.0056465517 | H59: 0.38581588 | I59: 0.58343789 | J59: 0.14547043 | K59: 0.28510127 | L59: 0.49511148 | M59: 0.14943056 | N59: 0.040874294 | O59: 0.65756478 | P59: 0.036989247 | Q59: 0.057379626 | R59: 0.60146773 | S59: 0.064263889 | T59: 0.033184146 | U59: 0.62035176 | V59: 0.045658602 | W59: 0.10657781 | X59: 0.53196533 | Y59: 0.10841398 | Z59: 0.10130656 | AA59: 0.50520461 | AB59: 0.12148611 | AC59: 0.096493132 | AD59: 0.64822557 | AE59: 0.10651882 | AF59: 0.0726594 | AG59: 0.59399414 | AH59: 0.050527778 | AI59: 0.078450021 | AJ59: 0.59883842 | AK59: 0.086438172 | AL59: 0.059197885 | AM59: 0.091744282 | AN59: 0.072405914 | AO59: 0.079419643 | AP59: 0.11890387 | AQ59: 0.086896552 | AR59: 0.11841239 | AS59: 0.56769122 | AT59: 0.13764785 | AU59: 0.075306202 | AV59: 0.70265177 | AW59: 0.084041667 | AX59: 0.032774892 | AY59: 0.76581197 | AZ59: 0.014086022 | BA59: 0.12836111 | BB59: 0.44584881 | BC59: 0.15698611 | BD59: 0.19260165 | BE59: 0.67647667 | BF59: 0.20159946 | BG59: 0.098421959 | BH59: 0.40144388 | BI59: 0.09136658
A60: Kiefel 3 | B60: 0.5021292 | C60: 0.57264835 | D60: 0.5796371 | E60: 0.53614638 | F60: 0.58406329 | G60: 0.60859195 | H60: 0.53836567 | I60: 0.57824664 | J60: 0.63180108 | K60: 0.48123474 | L60: 0.53775058 | M60: 0.57545833 | N60: 0.47189932 | O60: 0.52265472 | P60: 0.57924731 | Q60: 0.43624904 | R60: 0.48147289 | S60: 0.53944444 | T60: 0.48324711 | U60: 0.53359453 | V60: 0.60834677 | W60: 0.49894069 | X60: 0.5578581 | Y60: 0.56302419 | Z60: 0.51044317 | AA60: 0.57566298 | AB60: 0.63381944 | AC60: 0.5303717 | AD60: 0.59587742 | AE60: 0.64638441 | AF60: 0.49447068 | AG60: 0.55538613 | AH60: 0.60788889 | AI60: 0.36191073 | AJ60: 0.39329368 | AK60: 0.44158602 | AL60: 0.52371997 | AM60: 0.59160676 | AN60: 0.61805108 | AO60: 0.4916758 | AP60: 0.53067177 | AQ60: 0.56395115 | AR60: 0.57645856 | AS60: 0.61192091 | AT60: 0.67875 | AU60: 0.49935614 | AV60: 0.56705828 | AW60: 0.57977778 | AX60: 0.53708701 | AY60: 0.59056711 | AZ60: 0.64841398 | BA60: 0.5492214 | BB60: 0.60086109 | BC60: 0.65204167 | BD60: 0.53885128 | BE60: 0.56520675 | BF60: 0.63048387 | BG60: 0.50325764 | BH60: 0.5549527 | BI60: 0.59940271
A61: Kiefel 9 | B61: 0.54492705 | C61: 0.59937712 | D61: 0.60663978 | E61: 0.58595694 | F61: 0.61770849 | G61: 0.63173851 | H61: 0.5533087 | I61: 0.5910025 | J61: 0.61375 | K61: 0.57053592 | L61: 0.62779714 | M61: 0.6375 | N61: 0.56877898 | O61: 0.61895598 | P61: 0.61926075 | Q61: 0.58983521 | R61: 0.62927748 | S61: 0.64130556 | T61: 0.56928512 | U61: 0.60945372 | V61: 0.62883065 | W61: 0.53714562 | X61: 0.61179786 | Y61: 0.62356183 | Z61: 0.58308466 | AA61: 0.62936548 | AB61: 0.64804167 | AC61: 0.59402356 | AD61: 0.62356596 | AE61: 0.65301075 | AF61: 0.55396505 | AG61: 0.59133472 | AH61: 0.62816667 | AI61: 0.54263682 | AJ61: 0.59856371 | AK61: 0.44909946 | AL61: 0.59974157 | AM61: 0.64565441 | AN61: 0.65024194 | AO61: 0.55922382 | AP61: 0.59682203 | AQ61: 0.59681034 | AR61: 0.58119694 | AS61: 0.60508175 | AT61: 0.64608871 | AU61: 0.52540159 | AV61: 0.5900529 | AW61: 0.62088889 | AX61: 0.60267247 | AY61: 0.64040067 | AZ61: 0.67748656 | BA61: 0.58118958 | BB61: 0.61568004 | BC61: 0.66370833 | BD61: 0.59278308 | BE61: 0.63566838 | BF61: 0.65987903 | BG61: 0.5706568 | BH61: 0.61503093 | BI61: 0.62604419
A62: Kiefel5 (790) | B62: 0.48622126 | C62: 0.8234421 | D62: 0.47895161 | E62: 0.59045823 | F62: 0.70592479 | G62: 0.49698276 | H62: 0.66385423 | I62: 0.70999949 | J62: 0.40944892 | K62: 0.73966343 | L62: 0.79516113 | M62: 0.69713889 | N62: 0.69230874 | O62: 0.74287307 | P62: 0.74717742 | Q62: 0.66665234 | R62: 0.72461895 | S62: 0.69776389 | T62: 0.77759538 | U62: 0.81647686 | V62: 0.77962366 | W62: 0.77743152 | X62: 0.81192189 | Y62: 0.8194086 | Z62: 0.77156234 | AA62: 0.82540456 | AB62: 0.79244444 | AC62: 0.75479461 | AD62: 0.79811806 | AE62: 0.81189516 | AF62: 0.67621217 | AG62: 0.76720817 | AH62: 0.72898611 | AI62: 0.6335028 | AJ62: 0.74524259 | AK62: 0.68931452 | AL62: 0.62531436 | AM62: 0.74247744 | AN62: 0.67223118 | AO62: 0.66566719 | AP62: 0.73452931 | AQ62: 0.71218391 | AR62: 0.73515764 | AS62: 0.79058606 | AT62: 0.79155914 | AU62: 0.65524954 | AV62: 0.74652244 | AW62: 0.69508333 | AX62: 0.6592954 | AY62: 0.70278154 | AZ62: 0.71745968 | BA62: 0.78528958 | BB62: 0.82039788 | BC62: 0.73801389 | BD62: 0.7412936 | BE62: 0.77981881 | BF62: 0.77979839 | BG62: 0.69081124 | BH62: 0.76905674 | BI62: 0.6980167
